message,severity,attributes,tags,timestamp
[2026-07-27 03:43:58 +0000] [1] [INFO] Starting gunicorn 21.2.0,error,"{""level"":""error""}","{""project"":""18ae2dc1-0a91-404f-9b9d-da9708df09e8"",""environment"":""2533d774-b502-45f4-8662-21104f0c30ec"",""service"":""8cc9f43f-3b20-493d-b93e-2f55ea2269d8"",""deployment"":""f90b7e66-86c1-455b-8ed3-9335e39456f9"",""replica"":""72c16734-1036-47f7-bddd-543351bfe469""}",2026-07-27T03:43:58.968771942Z
[2026-07-27 03:43:58 +0000] [1] [INFO] Listening at: http://0.0.0.0:8080 (1),error,"{""level"":""error""}","{""project"":""18ae2dc1-0a91-404f-9b9d-da9708df09e8"",""environment"":""2533d774-b502-45f4-8662-21104f0c30ec"",""service"":""8cc9f43f-3b20-493d-b93e-2f55ea2269d8"",""deployment"":""f90b7e66-86c1-455b-8ed3-9335e39456f9"",""replica"":""72c16734-1036-47f7-bddd-543351bfe469""}",2026-07-27T03:43:58.968774802Z
[2026-07-27 03:43:58 +0000] [1] [INFO] Using worker: sync,error,"{""level"":""error""}","{""project"":""18ae2dc1-0a91-404f-9b9d-da9708df09e8"",""environment"":""2533d774-b502-45f4-8662-21104f0c30ec"",""service"":""8cc9f43f-3b20-493d-b93e-2f55ea2269d8"",""deployment"":""f90b7e66-86c1-455b-8ed3-9335e39456f9"",""replica"":""72c16734-1036-47f7-bddd-543351bfe469""}",2026-07-27T03:43:58.968777422Z
[2026-07-27 03:43:58 +0000] [2] [INFO] Booting worker with pid: 2,error,"{""level"":""error""}","{""project"":""18ae2dc1-0a91-404f-9b9d-da9708df09e8"",""environment"":""2533d774-b502-45f4-8662-21104f0c30ec"",""service"":""8cc9f43f-3b20-493d-b93e-2f55ea2269d8"",""deployment"":""f90b7e66-86c1-455b-8ed3-9335e39456f9"",""replica"":""72c16734-1036-47f7-bddd-543351bfe469""}",2026-07-27T03:43:58.968779892Z
Failed to find attribute 'app' in 'app'.,error,"{""level"":""error""}","{""project"":""18ae2dc1-0a91-404f-9b9d-da9708df09e8"",""environment"":""2533d774-b502-45f4-8662-21104f0c30ec"",""service"":""8cc9f43f-3b20-493d-b93e-2f55ea2269d8"",""deployment"":""f90b7e66-86c1-455b-8ed3-9335e39456f9"",""replica"":""72c16734-1036-47f7-bddd-543351bfe469""}",2026-07-27T03:43:58.968782602Z
[2026-07-27 03:43:58 +0000] [2] [INFO] Worker exiting (pid: 2),error,"{""level"":""error""}","{""project"":""18ae2dc1-0a91-404f-9b9d-da9708df09e8"",""environment"":""2533d774-b502-45f4-8662-21104f0c30ec"",""service"":""8cc9f43f-3b20-493d-b93e-2f55ea2269d8"",""deployment"":""f90b7e66-86c1-455b-8ed3-9335e39456f9"",""replica"":""72c16734-1036-47f7-bddd-543351bfe469""}",2026-07-27T03:43:58.968787132Z
[2026-07-27 03:43:58 +0000] [1] [ERROR] Worker (pid:2) exited with code 4,error,"{""level"":""error""}","{""project"":""18ae2dc1-0a91-404f-9b9d-da9708df09e8"",""environment"":""2533d774-b502-45f4-8662-21104f0c30ec"",""service"":""8cc9f43f-3b20-493d-b93e-2f55ea2269d8"",""deployment"":""f90b7e66-86c1-455b-8ed3-9335e39456f9"",""replica"":""72c16734-1036-47f7-bddd-543351bfe469""}",2026-07-27T03:43:58.968789592Z
[2026-07-27 03:43:58 +0000] [1] [ERROR] Shutting down: Master,error,"{""level"":""error""}","{""project"":""18ae2dc1-0a91-404f-9b9d-da9708df09e8"",""environment"":""2533d774-b502-45f4-8662-21104f0c30ec"",""service"":""8cc9f43f-3b20-493d-b93e-2f55ea2269d8"",""deployment"":""f90b7e66-86c1-455b-8ed3-9335e39456f9"",""replica"":""72c16734-1036-47f7-bddd-543351bfe469""}",2026-07-27T03:43:58.968792412Z
[2026-07-27 03:43:58 +0000] [1] [ERROR] Reason: App failed to load.,error,"{""level"":""error""}","{""project"":""18ae2dc1-0a91-404f-9b9d-da9708df09e8"",""environment"":""2533d774-b502-45f4-8662-21104f0c30ec"",""service"":""8cc9f43f-3b20-493d-b93e-2f55ea2269d8"",""deployment"":""f90b7e66-86c1-455b-8ed3-9335e39456f9"",""replica"":""72c16734-1036-47f7-bddd-543351bfe469""}",2026-07-27T03:43:58.968794862Z
Starting Container,info,"{""level"":""info""}","{""project"":""18ae2dc1-0a91-404f-9b9d-da9708df09e8"",""environment"":""2533d774-b502-45f4-8662-21104f0c30ec"",""service"":""8cc9f43f-3b20-493d-b93e-2f55ea2269d8"",""deployment"":""f90b7e66-86c1-455b-8ed3-9335e39456f9"",""replica"":""72c16734-1036-47f7-bddd-543351bfe469""}",2026-07-27T03:43:59.093268323Z
[2026-07-27 03:43:59 +0000] [1] [INFO] Starting gunicorn 21.2.0,error,"{""level"":""error""}","{""project"":""18ae2dc1-0a91-404f-9b9d-da9708df09e8"",""environment"":""2533d774-b502-45f4-8662-21104f0c30ec"",""service"":""8cc9f43f-3b20-493d-b93e-2f55ea2269d8"",""deployment"":""f90b7e66-86c1-455b-8ed3-9335e39456f9"",""replica"":""72c16734-1036-47f7-bddd-543351bfe469""}",2026-07-27T03:43:59.993046440Z
[2026-07-27 03:43:59 +0000] [1] [INFO] Listening at: http://0.0.0.0:8080 (1),error,"{""level"":""error""}","{""project"":""18ae2dc1-0a91-404f-9b9d-da9708df09e8"",""environment"":""2533d774-b502-45f4-8662-21104f0c30ec"",""service"":""8cc9f43f-3b20-493d-b93e-2f55ea2269d8"",""deployment"":""f90b7e66-86c1-455b-8ed3-9335e39456f9"",""replica"":""72c16734-1036-47f7-bddd-543351bfe469""}",2026-07-27T03:43:59.993048700Z
[2026-07-27 03:43:59 +0000] [1] [INFO] Using worker: sync,error,"{""level"":""error""}","{""project"":""18ae2dc1-0a91-404f-9b9d-da9708df09e8"",""environment"":""2533d774-b502-45f4-8662-21104f0c30ec"",""service"":""8cc9f43f-3b20-493d-b93e-2f55ea2269d8"",""deployment"":""f90b7e66-86c1-455b-8ed3-9335e39456f9"",""replica"":""72c16734-1036-47f7-bddd-543351bfe469""}",2026-07-27T03:43:59.993051010Z
[2026-07-27 03:43:59 +0000] [2] [INFO] Booting worker with pid: 2,error,"{""level"":""error""}","{""project"":""18ae2dc1-0a91-404f-9b9d-da9708df09e8"",""environment"":""2533d774-b502-45f4-8662-21104f0c30ec"",""service"":""8cc9f43f-3b20-493d-b93e-2f55ea2269d8"",""deployment"":""f90b7e66-86c1-455b-8ed3-9335e39456f9"",""replica"":""72c16734-1036-47f7-bddd-543351bfe469""}",2026-07-27T03:43:59.993053950Z
Failed to find attribute 'app' in 'app'.,error,"{""level"":""error""}","{""project"":""18ae2dc1-0a91-404f-9b9d-da9708df09e8"",""environment"":""2533d774-b502-45f4-8662-21104f0c30ec"",""service"":""8cc9f43f-3b20-493d-b93e-2f55ea2269d8"",""deployment"":""f90b7e66-86c1-455b-8ed3-9335e39456f9"",""replica"":""72c16734-1036-47f7-bddd-543351bfe469""}",2026-07-27T03:44:00.276149136Z
[2026-07-27 03:44:00 +0000] [2] [INFO] Worker exiting (pid: 2),error,"{""level"":""error""}","{""project"":""18ae2dc1-0a91-404f-9b9d-da9708df09e8"",""environment"":""2533d774-b502-45f4-8662-21104f0c30ec"",""service"":""8cc9f43f-3b20-493d-b93e-2f55ea2269d8"",""deployment"":""f90b7e66-86c1-455b-8ed3-9335e39456f9"",""replica"":""72c16734-1036-47f7-bddd-543351bfe469""}",2026-07-27T03:44:00.276152206Z
[2026-07-27 03:44:00 +0000] [1] [ERROR] Worker (pid:2) exited with code 4,error,"{""level"":""error""}","{""project"":""18ae2dc1-0a91-404f-9b9d-da9708df09e8"",""environment"":""2533d774-b502-45f4-8662-21104f0c30ec"",""service"":""8cc9f43f-3b20-493d-b93e-2f55ea2269d8"",""deployment"":""f90b7e66-86c1-455b-8ed3-9335e39456f9"",""replica"":""72c16734-1036-47f7-bddd-543351bfe469""}",2026-07-27T03:44:00.369666108Z
[2026-07-27 03:44:00 +0000] [1] [ERROR] Shutting down: Master,error,"{""level"":""error""}","{""project"":""18ae2dc1-0a91-404f-9b9d-da9708df09e8"",""environment"":""2533d774-b502-45f4-8662-21104f0c30ec"",""service"":""8cc9f43f-3b20-493d-b93e-2f55ea2269d8"",""deployment"":""f90b7e66-86c1-455b-8ed3-9335e39456f9"",""replica"":""72c16734-1036-47f7-bddd-543351bfe469""}",2026-07-27T03:44:00.369670358Z
[2026-07-27 03:44:00 +0000] [1] [ERROR] Reason: App failed to load.,error,"{""level"":""error""}","{""project"":""18ae2dc1-0a91-404f-9b9d-da9708df09e8"",""environment"":""2533d774-b502-45f4-8662-21104f0c30ec"",""service"":""8cc9f43f-3b20-493d-b93e-2f55ea2269d8"",""deployment"":""f90b7e66-86c1-455b-8ed3-9335e39456f9"",""replica"":""72c16734-1036-47f7-bddd-543351bfe469""}",2026-07-27T03:44:00.369674148Z
[2026-07-27 03:44:01 +0000] [1] [INFO] Starting gunicorn 21.2.0,error,"{""level"":""error""}","{""project"":""18ae2dc1-0a91-404f-9b9d-da9708df09e8"",""environment"":""2533d774-b502-45f4-8662-21104f0c30ec"",""service"":""8cc9f43f-3b20-493d-b93e-2f55ea2269d8"",""deployment"":""f90b7e66-86c1-455b-8ed3-9335e39456f9"",""replica"":""72c16734-1036-47f7-bddd-543351bfe469""}",2026-07-27T03:44:01.316217280Z
[2026-07-27 03:44:01 +0000] [1] [INFO] Listening at: http://0.0.0.0:8080 (1),error,"{""level"":""error""}","{""project"":""18ae2dc1-0a91-404f-9b9d-da9708df09e8"",""environment"":""2533d774-b502-45f4-8662-21104f0c30ec"",""service"":""8cc9f43f-3b20-493d-b93e-2f55ea2269d8"",""deployment"":""f90b7e66-86c1-455b-8ed3-9335e39456f9"",""replica"":""72c16734-1036-47f7-bddd-543351bfe469""}",2026-07-27T03:44:01.316222840Z
[2026-07-27 03:44:01 +0000] [1] [INFO] Using worker: sync,error,"{""level"":""error""}","{""project"":""18ae2dc1-0a91-404f-9b9d-da9708df09e8"",""environment"":""2533d774-b502-45f4-8662-21104f0c30ec"",""service"":""8cc9f43f-3b20-493d-b93e-2f55ea2269d8"",""deployment"":""f90b7e66-86c1-455b-8ed3-9335e39456f9"",""replica"":""72c16734-1036-47f7-bddd-543351bfe469""}",2026-07-27T03:44:01.316228120Z
[2026-07-27 03:44:01 +0000] [2] [INFO] Booting worker with pid: 2,error,"{""level"":""error""}","{""project"":""18ae2dc1-0a91-404f-9b9d-da9708df09e8"",""environment"":""2533d774-b502-45f4-8662-21104f0c30ec"",""service"":""8cc9f43f-3b20-493d-b93e-2f55ea2269d8"",""deployment"":""f90b7e66-86c1-455b-8ed3-9335e39456f9"",""replica"":""72c16734-1036-47f7-bddd-543351bfe469""}",2026-07-27T03:44:01.317203814Z
Failed to find attribute 'app' in 'app'.,error,"{""level"":""error""}","{""project"":""18ae2dc1-0a91-404f-9b9d-da9708df09e8"",""environment"":""2533d774-b502-45f4-8662-21104f0c30ec"",""service"":""8cc9f43f-3b20-493d-b93e-2f55ea2269d8"",""deployment"":""f90b7e66-86c1-455b-8ed3-9335e39456f9"",""replica"":""72c16734-1036-47f7-bddd-543351bfe469""}",2026-07-27T03:44:01.698521789Z
[2026-07-27 03:44:01 +0000] [2] [INFO] Worker exiting (pid: 2),error,"{""level"":""error""}","{""project"":""18ae2dc1-0a91-404f-9b9d-da9708df09e8"",""environment"":""2533d774-b502-45f4-8662-21104f0c30ec"",""service"":""8cc9f43f-3b20-493d-b93e-2f55ea2269d8"",""deployment"":""f90b7e66-86c1-455b-8ed3-9335e39456f9"",""replica"":""72c16734-1036-47f7-bddd-543351bfe469""}",2026-07-27T03:44:01.698526279Z
[2026-07-27 03:44:01 +0000] [1] [ERROR] Worker (pid:2) exited with code 4,error,"{""level"":""error""}","{""project"":""18ae2dc1-0a91-404f-9b9d-da9708df09e8"",""environment"":""2533d774-b502-45f4-8662-21104f0c30ec"",""service"":""8cc9f43f-3b20-493d-b93e-2f55ea2269d8"",""deployment"":""f90b7e66-86c1-455b-8ed3-9335e39456f9"",""replica"":""72c16734-1036-47f7-bddd-543351bfe469""}",2026-07-27T03:44:01.787881444Z
[2026-07-27 03:44:01 +0000] [1] [ERROR] Shutting down: Master,error,"{""level"":""error""}","{""project"":""18ae2dc1-0a91-404f-9b9d-da9708df09e8"",""environment"":""2533d774-b502-45f4-8662-21104f0c30ec"",""service"":""8cc9f43f-3b20-493d-b93e-2f55ea2269d8"",""deployment"":""f90b7e66-86c1-455b-8ed3-9335e39456f9"",""replica"":""72c16734-1036-47f7-bddd-543351bfe469""}",2026-07-27T03:44:01.787885924Z
[2026-07-27 03:44:01 +0000] [1] [ERROR] Reason: App failed to load.,error,"{""level"":""error""}","{""project"":""18ae2dc1-0a91-404f-9b9d-da9708df09e8"",""environment"":""2533d774-b502-45f4-8662-21104f0c30ec"",""service"":""8cc9f43f-3b20-493d-b93e-2f55ea2269d8"",""deployment"":""f90b7e66-86c1-455b-8ed3-9335e39456f9"",""replica"":""72c16734-1036-47f7-bddd-543351bfe469""}",2026-07-27T03:44:01.787891714Z
[2026-07-27 03:44:02 +0000] [1] [INFO] Starting gunicorn 21.2.0,error,"{""level"":""error""}","{""project"":""18ae2dc1-0a91-404f-9b9d-da9708df09e8"",""environment"":""2533d774-b502-45f4-8662-21104f0c30ec"",""service"":""8cc9f43f-3b20-493d-b93e-2f55ea2269d8"",""deployment"":""f90b7e66-86c1-455b-8ed3-9335e39456f9"",""replica"":""72c16734-1036-47f7-bddd-543351bfe469""}",2026-07-27T03:44:02.776365783Z
[2026-07-27 03:44:02 +0000] [1] [INFO] Listening at: http://0.0.0.0:8080 (1),error,"{""level"":""error""}","{""project"":""18ae2dc1-0a91-404f-9b9d-da9708df09e8"",""environment"":""2533d774-b502-45f4-8662-21104f0c30ec"",""service"":""8cc9f43f-3b20-493d-b93e-2f55ea2269d8"",""deployment"":""f90b7e66-86c1-455b-8ed3-9335e39456f9"",""replica"":""72c16734-1036-47f7-bddd-543351bfe469""}",2026-07-27T03:44:02.776369533Z
[2026-07-27 03:44:02 +0000] [1] [INFO] Using worker: sync,error,"{""level"":""error""}","{""project"":""18ae2dc1-0a91-404f-9b9d-da9708df09e8"",""environment"":""2533d774-b502-45f4-8662-21104f0c30ec"",""service"":""8cc9f43f-3b20-493d-b93e-2f55ea2269d8"",""deployment"":""f90b7e66-86c1-455b-8ed3-9335e39456f9"",""replica"":""72c16734-1036-47f7-bddd-543351bfe469""}",2026-07-27T03:44:02.776373523Z
[2026-07-27 03:44:02 +0000] [2] [INFO] Booting worker with pid: 2,error,"{""level"":""error""}","{""project"":""18ae2dc1-0a91-404f-9b9d-da9708df09e8"",""environment"":""2533d774-b502-45f4-8662-21104f0c30ec"",""service"":""8cc9f43f-3b20-493d-b93e-2f55ea2269d8"",""deployment"":""f90b7e66-86c1-455b-8ed3-9335e39456f9"",""replica"":""72c16734-1036-47f7-bddd-543351bfe469""}",2026-07-27T03:44:02.776376693Z
Failed to find attribute 'app' in 'app'.,error,"{""level"":""error""}","{""project"":""18ae2dc1-0a91-404f-9b9d-da9708df09e8"",""environment"":""2533d774-b502-45f4-8662-21104f0c30ec"",""service"":""8cc9f43f-3b20-493d-b93e-2f55ea2269d8"",""deployment"":""f90b7e66-86c1-455b-8ed3-9335e39456f9"",""replica"":""72c16734-1036-47f7-bddd-543351bfe469""}",2026-07-27T03:44:03.151960437Z
[2026-07-27 03:44:03 +0000] [2] [INFO] Worker exiting (pid: 2),error,"{""level"":""error""}","{""project"":""18ae2dc1-0a91-404f-9b9d-da9708df09e8"",""environment"":""2533d774-b502-45f4-8662-21104f0c30ec"",""service"":""8cc9f43f-3b20-493d-b93e-2f55ea2269d8"",""deployment"":""f90b7e66-86c1-455b-8ed3-9335e39456f9"",""replica"":""72c16734-1036-47f7-bddd-543351bfe469""}",2026-07-27T03:44:03.151965617Z
[2026-07-27 03:44:03 +0000] [1] [ERROR] Worker (pid:2) exited with code 4,error,"{""level"":""error""}","{""project"":""18ae2dc1-0a91-404f-9b9d-da9708df09e8"",""environment"":""2533d774-b502-45f4-8662-21104f0c30ec"",""service"":""8cc9f43f-3b20-493d-b93e-2f55ea2269d8"",""deployment"":""f90b7e66-86c1-455b-8ed3-9335e39456f9"",""replica"":""72c16734-1036-47f7-bddd-543351bfe469""}",2026-07-27T03:44:03.247814498Z
[2026-07-27 03:44:03 +0000] [1] [ERROR] Shutting down: Master,error,"{""level"":""error""}","{""project"":""18ae2dc1-0a91-404f-9b9d-da9708df09e8"",""environment"":""2533d774-b502-45f4-8662-21104f0c30ec"",""service"":""8cc9f43f-3b20-493d-b93e-2f55ea2269d8"",""deployment"":""f90b7e66-86c1-455b-8ed3-9335e39456f9"",""replica"":""72c16734-1036-47f7-bddd-543351bfe469""}",2026-07-27T03:44:03.247822318Z
[2026-07-27 03:44:03 +0000] [1] [ERROR] Reason: App failed to load.,error,"{""level"":""error""}","{""project"":""18ae2dc1-0a91-404f-9b9d-da9708df09e8"",""environment"":""2533d774-b502-45f4-8662-21104f0c30ec"",""service"":""8cc9f43f-3b20-493d-b93e-2f55ea2269d8"",""deployment"":""f90b7e66-86c1-455b-8ed3-9335e39456f9"",""replica"":""72c16734-1036-47f7-bddd-543351bfe469""}",2026-07-27T03:44:03.247825348Z
[2026-07-27 03:44:04 +0000] [1] [INFO] Starting gunicorn 21.2.0,error,"{""level"":""error""}","{""project"":""18ae2dc1-0a91-404f-9b9d-da9708df09e8"",""environment"":""2533d774-b502-45f4-8662-21104f0c30ec"",""service"":""8cc9f43f-3b20-493d-b93e-2f55ea2269d8"",""deployment"":""f90b7e66-86c1-455b-8ed3-9335e39456f9"",""replica"":""72c16734-1036-47f7-bddd-543351bfe469""}",2026-07-27T03:44:04.253989272Z
[2026-07-27 03:44:04 +0000] [1] [INFO] Listening at: http://0.0.0.0:8080 (1),error,"{""level"":""error""}","{""project"":""18ae2dc1-0a91-404f-9b9d-da9708df09e8"",""environment"":""2533d774-b502-45f4-8662-21104f0c30ec"",""service"":""8cc9f43f-3b20-493d-b93e-2f55ea2269d8"",""deployment"":""f90b7e66-86c1-455b-8ed3-9335e39456f9"",""replica"":""72c16734-1036-47f7-bddd-543351bfe469""}",2026-07-27T03:44:04.253998132Z
[2026-07-27 03:44:04 +0000] [1] [INFO] Using worker: sync,error,"{""level"":""error""}","{""project"":""18ae2dc1-0a91-404f-9b9d-da9708df09e8"",""environment"":""2533d774-b502-45f4-8662-21104f0c30ec"",""service"":""8cc9f43f-3b20-493d-b93e-2f55ea2269d8"",""deployment"":""f90b7e66-86c1-455b-8ed3-9335e39456f9"",""replica"":""72c16734-1036-47f7-bddd-543351bfe469""}",2026-07-27T03:44:04.254019312Z
[2026-07-27 03:44:04 +0000] [2] [INFO] Booting worker with pid: 2,error,"{""level"":""error""}","{""project"":""18ae2dc1-0a91-404f-9b9d-da9708df09e8"",""environment"":""2533d774-b502-45f4-8662-21104f0c30ec"",""service"":""8cc9f43f-3b20-493d-b93e-2f55ea2269d8"",""deployment"":""f90b7e66-86c1-455b-8ed3-9335e39456f9"",""replica"":""72c16734-1036-47f7-bddd-543351bfe469""}",2026-07-27T03:44:04.254022822Z
Failed to find attribute 'app' in 'app'.,error,"{""level"":""error""}","{""project"":""18ae2dc1-0a91-404f-9b9d-da9708df09e8"",""environment"":""2533d774-b502-45f4-8662-21104f0c30ec"",""service"":""8cc9f43f-3b20-493d-b93e-2f55ea2269d8"",""deployment"":""f90b7e66-86c1-455b-8ed3-9335e39456f9"",""replica"":""72c16734-1036-47f7-bddd-543351bfe469""}",2026-07-27T03:44:04.622099207Z
[2026-07-27 03:44:04 +0000] [2] [INFO] Worker exiting (pid: 2),error,"{""level"":""error""}","{""project"":""18ae2dc1-0a91-404f-9b9d-da9708df09e8"",""environment"":""2533d774-b502-45f4-8662-21104f0c30ec"",""service"":""8cc9f43f-3b20-493d-b93e-2f55ea2269d8"",""deployment"":""f90b7e66-86c1-455b-8ed3-9335e39456f9"",""replica"":""72c16734-1036-47f7-bddd-543351bfe469""}",2026-07-27T03:44:04.622101857Z
[2026-07-27 03:44:04 +0000] [1] [ERROR] Worker (pid:2) exited with code 4,error,"{""level"":""error""}","{""project"":""18ae2dc1-0a91-404f-9b9d-da9708df09e8"",""environment"":""2533d774-b502-45f4-8662-21104f0c30ec"",""service"":""8cc9f43f-3b20-493d-b93e-2f55ea2269d8"",""deployment"":""f90b7e66-86c1-455b-8ed3-9335e39456f9"",""replica"":""72c16734-1036-47f7-bddd-543351bfe469""}",2026-07-27T03:44:04.761496826Z
[2026-07-27 03:44:04 +0000] [1] [ERROR] Shutting down: Master,error,"{""level"":""error""}","{""project"":""18ae2dc1-0a91-404f-9b9d-da9708df09e8"",""environment"":""2533d774-b502-45f4-8662-21104f0c30ec"",""service"":""8cc9f43f-3b20-493d-b93e-2f55ea2269d8"",""deployment"":""f90b7e66-86c1-455b-8ed3-9335e39456f9"",""replica"":""72c16734-1036-47f7-bddd-543351bfe469""}",2026-07-27T03:44:04.761500246Z
[2026-07-27 03:44:04 +0000] [1] [ERROR] Reason: App failed to load.,error,"{""level"":""error""}","{""project"":""18ae2dc1-0a91-404f-9b9d-da9708df09e8"",""environment"":""2533d774-b502-45f4-8662-21104f0c30ec"",""service"":""8cc9f43f-3b20-493d-b93e-2f55ea2269d8"",""deployment"":""f90b7e66-86c1-455b-8ed3-9335e39456f9"",""replica"":""72c16734-1036-47f7-bddd-543351bfe469""}",2026-07-27T03:44:04.761503146Z
[2026-07-27 03:44:05 +0000] [1] [INFO] Starting gunicorn 21.2.0,error,"{""level"":""error""}","{""project"":""18ae2dc1-0a91-404f-9b9d-da9708df09e8"",""environment"":""2533d774-b502-45f4-8662-21104f0c30ec"",""service"":""8cc9f43f-3b20-493d-b93e-2f55ea2269d8"",""deployment"":""f90b7e66-86c1-455b-8ed3-9335e39456f9"",""replica"":""72c16734-1036-47f7-bddd-543351bfe469""}",2026-07-27T03:44:05.621521218Z
[2026-07-27 03:44:05 +0000] [1] [INFO] Listening at: http://0.0.0.0:8080 (1),error,"{""level"":""error""}","{""project"":""18ae2dc1-0a91-404f-9b9d-da9708df09e8"",""environment"":""2533d774-b502-45f4-8662-21104f0c30ec"",""service"":""8cc9f43f-3b20-493d-b93e-2f55ea2269d8"",""deployment"":""f90b7e66-86c1-455b-8ed3-9335e39456f9"",""replica"":""72c16734-1036-47f7-bddd-543351bfe469""}",2026-07-27T03:44:05.621525518Z
[2026-07-27 03:44:05 +0000] [1] [INFO] Using worker: sync,error,"{""level"":""error""}","{""project"":""18ae2dc1-0a91-404f-9b9d-da9708df09e8"",""environment"":""2533d774-b502-45f4-8662-21104f0c30ec"",""service"":""8cc9f43f-3b20-493d-b93e-2f55ea2269d8"",""deployment"":""f90b7e66-86c1-455b-8ed3-9335e39456f9"",""replica"":""72c16734-1036-47f7-bddd-543351bfe469""}",2026-07-27T03:44:05.621528478Z
[2026-07-27 03:44:05 +0000] [2] [INFO] Booting worker with pid: 2,error,"{""level"":""error""}","{""project"":""18ae2dc1-0a91-404f-9b9d-da9708df09e8"",""environment"":""2533d774-b502-45f4-8662-21104f0c30ec"",""service"":""8cc9f43f-3b20-493d-b93e-2f55ea2269d8"",""deployment"":""f90b7e66-86c1-455b-8ed3-9335e39456f9"",""replica"":""72c16734-1036-47f7-bddd-543351bfe469""}",2026-07-27T03:44:05.626239353Z
Failed to find attribute 'app' in 'app'.,error,"{""level"":""error""}","{""project"":""18ae2dc1-0a91-404f-9b9d-da9708df09e8"",""environment"":""2533d774-b502-45f4-8662-21104f0c30ec"",""service"":""8cc9f43f-3b20-493d-b93e-2f55ea2269d8"",""deployment"":""f90b7e66-86c1-455b-8ed3-9335e39456f9"",""replica"":""72c16734-1036-47f7-bddd-543351bfe469""}",2026-07-27T03:44:06.016965887Z
[2026-07-27 03:44:06 +0000] [2] [INFO] Worker exiting (pid: 2),error,"{""level"":""error""}","{""project"":""18ae2dc1-0a91-404f-9b9d-da9708df09e8"",""environment"":""2533d774-b502-45f4-8662-21104f0c30ec"",""service"":""8cc9f43f-3b20-493d-b93e-2f55ea2269d8"",""deployment"":""f90b7e66-86c1-455b-8ed3-9335e39456f9"",""replica"":""72c16734-1036-47f7-bddd-543351bfe469""}",2026-07-27T03:44:06.016969497Z
[2026-07-27 03:44:06 +0000] [1] [ERROR] Worker (pid:2) exited with code 4,error,"{""level"":""error""}","{""project"":""18ae2dc1-0a91-404f-9b9d-da9708df09e8"",""environment"":""2533d774-b502-45f4-8662-21104f0c30ec"",""service"":""8cc9f43f-3b20-493d-b93e-2f55ea2269d8"",""deployment"":""f90b7e66-86c1-455b-8ed3-9335e39456f9"",""replica"":""72c16734-1036-47f7-bddd-543351bfe469""}",2026-07-27T03:44:06.095546349Z
[2026-07-27 03:44:06 +0000] [1] [ERROR] Shutting down: Master,error,"{""level"":""error""}","{""project"":""18ae2dc1-0a91-404f-9b9d-da9708df09e8"",""environment"":""2533d774-b502-45f4-8662-21104f0c30ec"",""service"":""8cc9f43f-3b20-493d-b93e-2f55ea2269d8"",""deployment"":""f90b7e66-86c1-455b-8ed3-9335e39456f9"",""replica"":""72c16734-1036-47f7-bddd-543351bfe469""}",2026-07-27T03:44:06.095557309Z
[2026-07-27 03:44:06 +0000] [1] [ERROR] Reason: App failed to load.,error,"{""level"":""error""}","{""project"":""18ae2dc1-0a91-404f-9b9d-da9708df09e8"",""environment"":""2533d774-b502-45f4-8662-21104f0c30ec"",""service"":""8cc9f43f-3b20-493d-b93e-2f55ea2269d8"",""deployment"":""f90b7e66-86c1-455b-8ed3-9335e39456f9"",""replica"":""72c16734-1036-47f7-bddd-543351bfe469""}",2026-07-27T03:44:06.095562419Z
[2026-07-27 03:44:07 +0000] [1] [INFO] Starting gunicorn 21.2.0,error,"{""level"":""error""}","{""project"":""18ae2dc1-0a91-404f-9b9d-da9708df09e8"",""environment"":""2533d774-b502-45f4-8662-21104f0c30ec"",""service"":""8cc9f43f-3b20-493d-b93e-2f55ea2269d8"",""deployment"":""f90b7e66-86c1-455b-8ed3-9335e39456f9"",""replica"":""72c16734-1036-47f7-bddd-543351bfe469""}",2026-07-27T03:44:07.128672672Z
[2026-07-27 03:44:07 +0000] [1] [INFO] Listening at: http://0.0.0.0:8080 (1),error,"{""level"":""error""}","{""project"":""18ae2dc1-0a91-404f-9b9d-da9708df09e8"",""environment"":""2533d774-b502-45f4-8662-21104f0c30ec"",""service"":""8cc9f43f-3b20-493d-b93e-2f55ea2269d8"",""deployment"":""f90b7e66-86c1-455b-8ed3-9335e39456f9"",""replica"":""72c16734-1036-47f7-bddd-543351bfe469""}",2026-07-27T03:44:07.128680102Z
[2026-07-27 03:44:07 +0000] [1] [INFO] Using worker: sync,error,"{""level"":""error""}","{""project"":""18ae2dc1-0a91-404f-9b9d-da9708df09e8"",""environment"":""2533d774-b502-45f4-8662-21104f0c30ec"",""service"":""8cc9f43f-3b20-493d-b93e-2f55ea2269d8"",""deployment"":""f90b7e66-86c1-455b-8ed3-9335e39456f9"",""replica"":""72c16734-1036-47f7-bddd-543351bfe469""}",2026-07-27T03:44:07.128684582Z
[2026-07-27 03:44:07 +0000] [2] [INFO] Booting worker with pid: 2,error,"{""level"":""error""}","{""project"":""18ae2dc1-0a91-404f-9b9d-da9708df09e8"",""environment"":""2533d774-b502-45f4-8662-21104f0c30ec"",""service"":""8cc9f43f-3b20-493d-b93e-2f55ea2269d8"",""deployment"":""f90b7e66-86c1-455b-8ed3-9335e39456f9"",""replica"":""72c16734-1036-47f7-bddd-543351bfe469""}",2026-07-27T03:44:07.133184728Z
Failed to find attribute 'app' in 'app'.,error,"{""level"":""error""}","{""project"":""18ae2dc1-0a91-404f-9b9d-da9708df09e8"",""environment"":""2533d774-b502-45f4-8662-21104f0c30ec"",""service"":""8cc9f43f-3b20-493d-b93e-2f55ea2269d8"",""deployment"":""f90b7e66-86c1-455b-8ed3-9335e39456f9"",""replica"":""72c16734-1036-47f7-bddd-543351bfe469""}",2026-07-27T03:44:07.628177158Z
[2026-07-27 03:44:07 +0000] [2] [INFO] Worker exiting (pid: 2),error,"{""level"":""error""}","{""project"":""18ae2dc1-0a91-404f-9b9d-da9708df09e8"",""environment"":""2533d774-b502-45f4-8662-21104f0c30ec"",""service"":""8cc9f43f-3b20-493d-b93e-2f55ea2269d8"",""deployment"":""f90b7e66-86c1-455b-8ed3-9335e39456f9"",""replica"":""72c16734-1036-47f7-bddd-543351bfe469""}",2026-07-27T03:44:07.628179828Z
[2026-07-27 03:44:07 +0000] [1] [ERROR] Worker (pid:2) exited with code 4,error,"{""level"":""error""}","{""project"":""18ae2dc1-0a91-404f-9b9d-da9708df09e8"",""environment"":""2533d774-b502-45f4-8662-21104f0c30ec"",""service"":""8cc9f43f-3b20-493d-b93e-2f55ea2269d8"",""deployment"":""f90b7e66-86c1-455b-8ed3-9335e39456f9"",""replica"":""72c16734-1036-47f7-bddd-543351bfe469""}",2026-07-27T03:44:07.628182608Z
[2026-07-27 03:44:07 +0000] [1] [ERROR] Shutting down: Master,error,"{""level"":""error""}","{""project"":""18ae2dc1-0a91-404f-9b9d-da9708df09e8"",""environment"":""2533d774-b502-45f4-8662-21104f0c30ec"",""service"":""8cc9f43f-3b20-493d-b93e-2f55ea2269d8"",""deployment"":""f90b7e66-86c1-455b-8ed3-9335e39456f9"",""replica"":""72c16734-1036-47f7-bddd-543351bfe469""}",2026-07-27T03:44:07.628186148Z
[2026-07-27 03:44:07 +0000] [1] [ERROR] Reason: App failed to load.,error,"{""level"":""error""}","{""project"":""18ae2dc1-0a91-404f-9b9d-da9708df09e8"",""environment"":""2533d774-b502-45f4-8662-21104f0c30ec"",""service"":""8cc9f43f-3b20-493d-b93e-2f55ea2269d8"",""deployment"":""f90b7e66-86c1-455b-8ed3-9335e39456f9"",""replica"":""72c16734-1036-47f7-bddd-543351bfe469""}",2026-07-27T03:44:07.628189138Z
[2026-07-27 03:44:08 +0000] [1] [INFO] Starting gunicorn 21.2.0,error,"{""level"":""error""}","{""project"":""18ae2dc1-0a91-404f-9b9d-da9708df09e8"",""environment"":""2533d774-b502-45f4-8662-21104f0c30ec"",""service"":""8cc9f43f-3b20-493d-b93e-2f55ea2269d8"",""deployment"":""f90b7e66-86c1-455b-8ed3-9335e39456f9"",""replica"":""72c16734-1036-47f7-bddd-543351bfe469""}",2026-07-27T03:44:08.651991690Z
[2026-07-27 03:44:08 +0000] [1] [INFO] Listening at: http://0.0.0.0:8080 (1),error,"{""level"":""error""}","{""project"":""18ae2dc1-0a91-404f-9b9d-da9708df09e8"",""environment"":""2533d774-b502-45f4-8662-21104f0c30ec"",""service"":""8cc9f43f-3b20-493d-b93e-2f55ea2269d8"",""deployment"":""f90b7e66-86c1-455b-8ed3-9335e39456f9"",""replica"":""72c16734-1036-47f7-bddd-543351bfe469""}",2026-07-27T03:44:08.651996260Z
[2026-07-27 03:44:08 +0000] [1] [INFO] Using worker: sync,error,"{""level"":""error""}","{""project"":""18ae2dc1-0a91-404f-9b9d-da9708df09e8"",""environment"":""2533d774-b502-45f4-8662-21104f0c30ec"",""service"":""8cc9f43f-3b20-493d-b93e-2f55ea2269d8"",""deployment"":""f90b7e66-86c1-455b-8ed3-9335e39456f9"",""replica"":""72c16734-1036-47f7-bddd-543351bfe469""}",2026-07-27T03:44:08.651999260Z
[2026-07-27 03:44:08 +0000] [2] [INFO] Booting worker with pid: 2,error,"{""level"":""error""}","{""project"":""18ae2dc1-0a91-404f-9b9d-da9708df09e8"",""environment"":""2533d774-b502-45f4-8662-21104f0c30ec"",""service"":""8cc9f43f-3b20-493d-b93e-2f55ea2269d8"",""deployment"":""f90b7e66-86c1-455b-8ed3-9335e39456f9"",""replica"":""72c16734-1036-47f7-bddd-543351bfe469""}",2026-07-27T03:44:08.652002760Z
Failed to find attribute 'app' in 'app'.,error,"{""level"":""error""}","{""project"":""18ae2dc1-0a91-404f-9b9d-da9708df09e8"",""environment"":""2533d774-b502-45f4-8662-21104f0c30ec"",""service"":""8cc9f43f-3b20-493d-b93e-2f55ea2269d8"",""deployment"":""f90b7e66-86c1-455b-8ed3-9335e39456f9"",""replica"":""72c16734-1036-47f7-bddd-543351bfe469""}",2026-07-27T03:44:09.103983998Z
[2026-07-27 03:44:09 +0000] [2] [INFO] Worker exiting (pid: 2),error,"{""level"":""error""}","{""project"":""18ae2dc1-0a91-404f-9b9d-da9708df09e8"",""environment"":""2533d774-b502-45f4-8662-21104f0c30ec"",""service"":""8cc9f43f-3b20-493d-b93e-2f55ea2269d8"",""deployment"":""f90b7e66-86c1-455b-8ed3-9335e39456f9"",""replica"":""72c16734-1036-47f7-bddd-543351bfe469""}",2026-07-27T03:44:09.103992868Z
[2026-07-27 03:44:09 +0000] [1] [ERROR] Worker (pid:2) exited with code 4,error,"{""level"":""error""}","{""project"":""18ae2dc1-0a91-404f-9b9d-da9708df09e8"",""environment"":""2533d774-b502-45f4-8662-21104f0c30ec"",""service"":""8cc9f43f-3b20-493d-b93e-2f55ea2269d8"",""deployment"":""f90b7e66-86c1-455b-8ed3-9335e39456f9"",""replica"":""72c16734-1036-47f7-bddd-543351bfe469""}",2026-07-27T03:44:09.143871397Z
[2026-07-27 03:44:09 +0000] [1] [ERROR] Shutting down: Master,error,"{""level"":""error""}","{""project"":""18ae2dc1-0a91-404f-9b9d-da9708df09e8"",""environment"":""2533d774-b502-45f4-8662-21104f0c30ec"",""service"":""8cc9f43f-3b20-493d-b93e-2f55ea2269d8"",""deployment"":""f90b7e66-86c1-455b-8ed3-9335e39456f9"",""replica"":""72c16734-1036-47f7-bddd-543351bfe469""}",2026-07-27T03:44:09.143875107Z
[2026-07-27 03:44:09 +0000] [1] [ERROR] Reason: App failed to load.,error,"{""level"":""error""}","{""project"":""18ae2dc1-0a91-404f-9b9d-da9708df09e8"",""environment"":""2533d774-b502-45f4-8662-21104f0c30ec"",""service"":""8cc9f43f-3b20-493d-b93e-2f55ea2269d8"",""deployment"":""f90b7e66-86c1-455b-8ed3-9335e39456f9"",""replica"":""72c16734-1036-47f7-bddd-543351bfe469""}",2026-07-27T03:44:09.143878127Z
[2026-07-27 03:44:10 +0000] [1] [INFO] Starting gunicorn 21.2.0,error,"{""level"":""error""}","{""project"":""18ae2dc1-0a91-404f-9b9d-da9708df09e8"",""environment"":""2533d774-b502-45f4-8662-21104f0c30ec"",""service"":""8cc9f43f-3b20-493d-b93e-2f55ea2269d8"",""deployment"":""f90b7e66-86c1-455b-8ed3-9335e39456f9"",""replica"":""72c16734-1036-47f7-bddd-543351bfe469""}",2026-07-27T03:44:10.138603693Z
[2026-07-27 03:44:10 +0000] [1] [INFO] Listening at: http://0.0.0.0:8080 (1),error,"{""level"":""error""}","{""project"":""18ae2dc1-0a91-404f-9b9d-da9708df09e8"",""environment"":""2533d774-b502-45f4-8662-21104f0c30ec"",""service"":""8cc9f43f-3b20-493d-b93e-2f55ea2269d8"",""deployment"":""f90b7e66-86c1-455b-8ed3-9335e39456f9"",""replica"":""72c16734-1036-47f7-bddd-543351bfe469""}",2026-07-27T03:44:10.138606673Z
[2026-07-27 03:44:10 +0000] [1] [INFO] Using worker: sync,error,"{""level"":""error""}","{""project"":""18ae2dc1-0a91-404f-9b9d-da9708df09e8"",""environment"":""2533d774-b502-45f4-8662-21104f0c30ec"",""service"":""8cc9f43f-3b20-493d-b93e-2f55ea2269d8"",""deployment"":""f90b7e66-86c1-455b-8ed3-9335e39456f9"",""replica"":""72c16734-1036-47f7-bddd-543351bfe469""}",2026-07-27T03:44:10.138610953Z
[2026-07-27 03:44:10 +0000] [2] [INFO] Booting worker with pid: 2,error,"{""level"":""error""}","{""project"":""18ae2dc1-0a91-404f-9b9d-da9708df09e8"",""environment"":""2533d774-b502-45f4-8662-21104f0c30ec"",""service"":""8cc9f43f-3b20-493d-b93e-2f55ea2269d8"",""deployment"":""f90b7e66-86c1-455b-8ed3-9335e39456f9"",""replica"":""72c16734-1036-47f7-bddd-543351bfe469""}",2026-07-27T03:44:10.138613493Z
Failed to find attribute 'app' in 'app'.,error,"{""level"":""error""}","{""project"":""18ae2dc1-0a91-404f-9b9d-da9708df09e8"",""environment"":""2533d774-b502-45f4-8662-21104f0c30ec"",""service"":""8cc9f43f-3b20-493d-b93e-2f55ea2269d8"",""deployment"":""f90b7e66-86c1-455b-8ed3-9335e39456f9"",""replica"":""72c16734-1036-47f7-bddd-543351bfe469""}",2026-07-27T03:44:10.569120406Z
[2026-07-27 03:44:10 +0000] [2] [INFO] Worker exiting (pid: 2),error,"{""level"":""error""}","{""project"":""18ae2dc1-0a91-404f-9b9d-da9708df09e8"",""environment"":""2533d774-b502-45f4-8662-21104f0c30ec"",""service"":""8cc9f43f-3b20-493d-b93e-2f55ea2269d8"",""deployment"":""f90b7e66-86c1-455b-8ed3-9335e39456f9"",""replica"":""72c16734-1036-47f7-bddd-543351bfe469""}",2026-07-27T03:44:10.569142806Z
[2026-07-27 03:44:10 +0000] [1] [ERROR] Worker (pid:2) exited with code 4,error,"{""level"":""error""}","{""project"":""18ae2dc1-0a91-404f-9b9d-da9708df09e8"",""environment"":""2533d774-b502-45f4-8662-21104f0c30ec"",""service"":""8cc9f43f-3b20-493d-b93e-2f55ea2269d8"",""deployment"":""f90b7e66-86c1-455b-8ed3-9335e39456f9"",""replica"":""72c16734-1036-47f7-bddd-543351bfe469""}",2026-07-27T03:44:10.710371047Z
[2026-07-27 03:44:10 +0000] [1] [ERROR] Shutting down: Master,error,"{""level"":""error""}","{""project"":""18ae2dc1-0a91-404f-9b9d-da9708df09e8"",""environment"":""2533d774-b502-45f4-8662-21104f0c30ec"",""service"":""8cc9f43f-3b20-493d-b93e-2f55ea2269d8"",""deployment"":""f90b7e66-86c1-455b-8ed3-9335e39456f9"",""replica"":""72c16734-1036-47f7-bddd-543351bfe469""}",2026-07-27T03:44:10.710377417Z
[2026-07-27 03:44:10 +0000] [1] [ERROR] Reason: App failed to load.,error,"{""level"":""error""}","{""project"":""18ae2dc1-0a91-404f-9b9d-da9708df09e8"",""environment"":""2533d774-b502-45f4-8662-21104f0c30ec"",""service"":""8cc9f43f-3b20-493d-b93e-2f55ea2269d8"",""deployment"":""f90b7e66-86c1-455b-8ed3-9335e39456f9"",""replica"":""72c16734-1036-47f7-bddd-543351bfe469""}",2026-07-27T03:44:10.710380427Z
[2026-07-27 03:44:11 +0000] [1] [INFO] Starting gunicorn 21.2.0,error,"{""level"":""error""}","{""project"":""18ae2dc1-0a91-404f-9b9d-da9708df09e8"",""environment"":""2533d774-b502-45f4-8662-21104f0c30ec"",""service"":""8cc9f43f-3b20-493d-b93e-2f55ea2269d8"",""deployment"":""f90b7e66-86c1-455b-8ed3-9335e39456f9"",""replica"":""72c16734-1036-47f7-bddd-543351bfe469""}",2026-07-27T03:44:11.704352477Z
[2026-07-27 03:44:11 +0000] [1] [INFO] Listening at: http://0.0.0.0:8080 (1),error,"{""level"":""error""}","{""project"":""18ae2dc1-0a91-404f-9b9d-da9708df09e8"",""environment"":""2533d774-b502-45f4-8662-21104f0c30ec"",""service"":""8cc9f43f-3b20-493d-b93e-2f55ea2269d8"",""deployment"":""f90b7e66-86c1-455b-8ed3-9335e39456f9"",""replica"":""72c16734-1036-47f7-bddd-543351bfe469""}",2026-07-27T03:44:11.704362217Z
[2026-07-27 03:44:11 +0000] [1] [INFO] Using worker: sync,error,"{""level"":""error""}","{""project"":""18ae2dc1-0a91-404f-9b9d-da9708df09e8"",""environment"":""2533d774-b502-45f4-8662-21104f0c30ec"",""service"":""8cc9f43f-3b20-493d-b93e-2f55ea2269d8"",""deployment"":""f90b7e66-86c1-455b-8ed3-9335e39456f9"",""replica"":""72c16734-1036-47f7-bddd-543351bfe469""}",2026-07-27T03:44:11.704365226Z
[2026-07-27 03:44:11 +0000] [2] [INFO] Booting worker with pid: 2,error,"{""level"":""error""}","{""project"":""18ae2dc1-0a91-404f-9b9d-da9708df09e8"",""environment"":""2533d774-b502-45f4-8662-21104f0c30ec"",""service"":""8cc9f43f-3b20-493d-b93e-2f55ea2269d8"",""deployment"":""f90b7e66-86c1-455b-8ed3-9335e39456f9"",""replica"":""72c16734-1036-47f7-bddd-543351bfe469""}",2026-07-27T03:44:11.704367886Z
Failed to find attribute 'app' in 'app'.,error,"{""level"":""error""}","{""project"":""18ae2dc1-0a91-404f-9b9d-da9708df09e8"",""environment"":""2533d774-b502-45f4-8662-21104f0c30ec"",""service"":""8cc9f43f-3b20-493d-b93e-2f55ea2269d8"",""deployment"":""f90b7e66-86c1-455b-8ed3-9335e39456f9"",""replica"":""72c16734-1036-47f7-bddd-543351bfe469""}",2026-07-27T03:44:12.114415069Z
[2026-07-27 03:44:12 +0000] [2] [INFO] Worker exiting (pid: 2),error,"{""level"":""error""}","{""project"":""18ae2dc1-0a91-404f-9b9d-da9708df09e8"",""environment"":""2533d774-b502-45f4-8662-21104f0c30ec"",""service"":""8cc9f43f-3b20-493d-b93e-2f55ea2269d8"",""deployment"":""f90b7e66-86c1-455b-8ed3-9335e39456f9"",""replica"":""72c16734-1036-47f7-bddd-543351bfe469""}",2026-07-27T03:44:12.114418939Z
[2026-07-27 03:44:12 +0000] [1] [ERROR] Worker (pid:2) exited with code 4,error,"{""level"":""error""}","{""project"":""18ae2dc1-0a91-404f-9b9d-da9708df09e8"",""environment"":""2533d774-b502-45f4-8662-21104f0c30ec"",""service"":""8cc9f43f-3b20-493d-b93e-2f55ea2269d8"",""deployment"":""f90b7e66-86c1-455b-8ed3-9335e39456f9"",""replica"":""72c16734-1036-47f7-bddd-543351bfe469""}",2026-07-27T03:44:12.248864765Z
[2026-07-27 03:44:12 +0000] [1] [ERROR] Shutting down: Master,error,"{""level"":""error""}","{""project"":""18ae2dc1-0a91-404f-9b9d-da9708df09e8"",""environment"":""2533d774-b502-45f4-8662-21104f0c30ec"",""service"":""8cc9f43f-3b20-493d-b93e-2f55ea2269d8"",""deployment"":""f90b7e66-86c1-455b-8ed3-9335e39456f9"",""replica"":""72c16734-1036-47f7-bddd-543351bfe469""}",2026-07-27T03:44:12.248874205Z
[2026-07-27 03:44:12 +0000] [1] [ERROR] Reason: App failed to load.,error,"{""level"":""error""}","{""project"":""18ae2dc1-0a91-404f-9b9d-da9708df09e8"",""environment"":""2533d774-b502-45f4-8662-21104f0c30ec"",""service"":""8cc9f43f-3b20-493d-b93e-2f55ea2269d8"",""deployment"":""f90b7e66-86c1-455b-8ed3-9335e39456f9"",""replica"":""72c16734-1036-47f7-bddd-543351bfe469""}",2026-07-27T03:44:12.248879365Z
[2026-07-27 03:44:13 +0000] [1] [INFO] Starting gunicorn 21.2.0,error,"{""level"":""error""}","{""project"":""18ae2dc1-0a91-404f-9b9d-da9708df09e8"",""environment"":""2533d774-b502-45f4-8662-21104f0c30ec"",""service"":""8cc9f43f-3b20-493d-b93e-2f55ea2269d8"",""deployment"":""f90b7e66-86c1-455b-8ed3-9335e39456f9"",""replica"":""72c16734-1036-47f7-bddd-543351bfe469""}",2026-07-27T03:44:13.258984490Z
[2026-07-27 03:44:13 +0000] [1] [INFO] Listening at: http://0.0.0.0:8080 (1),error,"{""level"":""error""}","{""project"":""18ae2dc1-0a91-404f-9b9d-da9708df09e8"",""environment"":""2533d774-b502-45f4-8662-21104f0c30ec"",""service"":""8cc9f43f-3b20-493d-b93e-2f55ea2269d8"",""deployment"":""f90b7e66-86c1-455b-8ed3-9335e39456f9"",""replica"":""72c16734-1036-47f7-bddd-543351bfe469""}",2026-07-27T03:44:13.258987750Z
[2026-07-27 03:44:13 +0000] [1] [INFO] Using worker: sync,error,"{""level"":""error""}","{""project"":""18ae2dc1-0a91-404f-9b9d-da9708df09e8"",""environment"":""2533d774-b502-45f4-8662-21104f0c30ec"",""service"":""8cc9f43f-3b20-493d-b93e-2f55ea2269d8"",""deployment"":""f90b7e66-86c1-455b-8ed3-9335e39456f9"",""replica"":""72c16734-1036-47f7-bddd-543351bfe469""}",2026-07-27T03:44:13.258991160Z
[2026-07-27 03:44:13 +0000] [2] [INFO] Booting worker with pid: 2,error,"{""level"":""error""}","{""project"":""18ae2dc1-0a91-404f-9b9d-da9708df09e8"",""environment"":""2533d774-b502-45f4-8662-21104f0c30ec"",""service"":""8cc9f43f-3b20-493d-b93e-2f55ea2269d8"",""deployment"":""f90b7e66-86c1-455b-8ed3-9335e39456f9"",""replica"":""72c16734-1036-47f7-bddd-543351bfe469""}",2026-07-27T03:44:13.258993990Z
Failed to find attribute 'app' in 'app'.,error,"{""level"":""error""}","{""project"":""18ae2dc1-0a91-404f-9b9d-da9708df09e8"",""environment"":""2533d774-b502-45f4-8662-21104f0c30ec"",""service"":""8cc9f43f-3b20-493d-b93e-2f55ea2269d8"",""deployment"":""f90b7e66-86c1-455b-8ed3-9335e39456f9"",""replica"":""72c16734-1036-47f7-bddd-543351bfe469""}",2026-07-27T03:44:13.606486034Z
[2026-07-27 03:44:13 +0000] [2] [INFO] Worker exiting (pid: 2),error,"{""level"":""error""}","{""project"":""18ae2dc1-0a91-404f-9b9d-da9708df09e8"",""environment"":""2533d774-b502-45f4-8662-21104f0c30ec"",""service"":""8cc9f43f-3b20-493d-b93e-2f55ea2269d8"",""deployment"":""f90b7e66-86c1-455b-8ed3-9335e39456f9"",""replica"":""72c16734-1036-47f7-bddd-543351bfe469""}",2026-07-27T03:44:13.606492054Z
[2026-07-27 03:44:13 +0000] [1] [ERROR] Worker (pid:2) exited with code 4,error,"{""level"":""error""}","{""project"":""18ae2dc1-0a91-404f-9b9d-da9708df09e8"",""environment"":""2533d774-b502-45f4-8662-21104f0c30ec"",""service"":""8cc9f43f-3b20-493d-b93e-2f55ea2269d8"",""deployment"":""f90b7e66-86c1-455b-8ed3-9335e39456f9"",""replica"":""72c16734-1036-47f7-bddd-543351bfe469""}",2026-07-27T03:44:13.700964702Z
[2026-07-27 03:44:13 +0000] [1] [ERROR] Shutting down: Master,error,"{""level"":""error""}","{""project"":""18ae2dc1-0a91-404f-9b9d-da9708df09e8"",""environment"":""2533d774-b502-45f4-8662-21104f0c30ec"",""service"":""8cc9f43f-3b20-493d-b93e-2f55ea2269d8"",""deployment"":""f90b7e66-86c1-455b-8ed3-9335e39456f9"",""replica"":""72c16734-1036-47f7-bddd-543351bfe469""}",2026-07-27T03:44:13.700970332Z
[2026-07-27 03:44:13 +0000] [1] [ERROR] Reason: App failed to load.,error,"{""level"":""error""}","{""project"":""18ae2dc1-0a91-404f-9b9d-da9708df09e8"",""environment"":""2533d774-b502-45f4-8662-21104f0c30ec"",""service"":""8cc9f43f-3b20-493d-b93e-2f55ea2269d8"",""deployment"":""f90b7e66-86c1-455b-8ed3-9335e39456f9"",""replica"":""72c16734-1036-47f7-bddd-543351bfe469""}",2026-07-27T03:44:13.700973422Z
[2026-07-27 03:44:59 +0000] [2] [INFO] Worker exiting (pid: 2),error,"{""level"":""error""}","{""project"":""18ae2dc1-0a91-404f-9b9d-da9708df09e8"",""environment"":""2533d774-b502-45f4-8662-21104f0c30ec"",""service"":""8cc9f43f-3b20-493d-b93e-2f55ea2269d8"",""deployment"":""f90b7e66-86c1-455b-8ed3-9335e39456f9"",""replica"":""72c16734-1036-47f7-bddd-543351bfe469""}",2026-07-27T03:45:03.944021457Z
[2026-07-27 03:44:59 +0000] [1] [ERROR] Worker (pid:2) exited with code 4,error,"{""level"":""error""}","{""project"":""18ae2dc1-0a91-404f-9b9d-da9708df09e8"",""environment"":""2533d774-b502-45f4-8662-21104f0c30ec"",""service"":""8cc9f43f-3b20-493d-b93e-2f55ea2269d8"",""deployment"":""f90b7e66-86c1-455b-8ed3-9335e39456f9"",""replica"":""72c16734-1036-47f7-bddd-543351bfe469""}",2026-07-27T03:45:03.944027807Z
[2026-07-27 03:44:59 +0000] [1] [ERROR] Shutting down: Master,error,"{""level"":""error""}","{""project"":""18ae2dc1-0a91-404f-9b9d-da9708df09e8"",""environment"":""2533d774-b502-45f4-8662-21104f0c30ec"",""service"":""8cc9f43f-3b20-493d-b93e-2f55ea2269d8"",""deployment"":""f90b7e66-86c1-455b-8ed3-9335e39456f9"",""replica"":""72c16734-1036-47f7-bddd-543351bfe469""}",2026-07-27T03:45:03.944033467Z
[2026-07-27 03:44:59 +0000] [1] [ERROR] Reason: App failed to load.,error,"{""level"":""error""}","{""project"":""18ae2dc1-0a91-404f-9b9d-da9708df09e8"",""environment"":""2533d774-b502-45f4-8662-21104f0c30ec"",""service"":""8cc9f43f-3b20-493d-b93e-2f55ea2269d8"",""deployment"":""f90b7e66-86c1-455b-8ed3-9335e39456f9"",""replica"":""72c16734-1036-47f7-bddd-543351bfe469""}",2026-07-27T03:45:03.944040367Z
[2026-07-27 03:45:00 +0000] [1] [INFO] Starting gunicorn 21.2.0,error,"{""level"":""error""}","{""project"":""18ae2dc1-0a91-404f-9b9d-da9708df09e8"",""environment"":""2533d774-b502-45f4-8662-21104f0c30ec"",""service"":""8cc9f43f-3b20-493d-b93e-2f55ea2269d8"",""deployment"":""f90b7e66-86c1-455b-8ed3-9335e39456f9"",""replica"":""72c16734-1036-47f7-bddd-543351bfe469""}",2026-07-27T03:45:03.944045317Z
[2026-07-27 03:44:57 +0000] [2] [INFO] Worker exiting (pid: 2),error,"{""level"":""error""}","{""project"":""18ae2dc1-0a91-404f-9b9d-da9708df09e8"",""environment"":""2533d774-b502-45f4-8662-21104f0c30ec"",""service"":""8cc9f43f-3b20-493d-b93e-2f55ea2269d8"",""deployment"":""f90b7e66-86c1-455b-8ed3-9335e39456f9"",""replica"":""72c16734-1036-47f7-bddd-543351bfe469""}",2026-07-27T03:45:03.944045807Z
[2026-07-27 03:45:00 +0000] [1] [INFO] Listening at: http://0.0.0.0:8080 (1),error,"{""level"":""error""}","{""project"":""18ae2dc1-0a91-404f-9b9d-da9708df09e8"",""environment"":""2533d774-b502-45f4-8662-21104f0c30ec"",""service"":""8cc9f43f-3b20-493d-b93e-2f55ea2269d8"",""deployment"":""f90b7e66-86c1-455b-8ed3-9335e39456f9"",""replica"":""72c16734-1036-47f7-bddd-543351bfe469""}",2026-07-27T03:45:03.944050097Z
[2026-07-27 03:44:57 +0000] [1] [ERROR] Worker (pid:2) exited with code 4,error,"{""level"":""error""}","{""project"":""18ae2dc1-0a91-404f-9b9d-da9708df09e8"",""environment"":""2533d774-b502-45f4-8662-21104f0c30ec"",""service"":""8cc9f43f-3b20-493d-b93e-2f55ea2269d8"",""deployment"":""f90b7e66-86c1-455b-8ed3-9335e39456f9"",""replica"":""72c16734-1036-47f7-bddd-543351bfe469""}",2026-07-27T03:45:03.944056637Z
[2026-07-27 03:44:57 +0000] [1] [ERROR] Shutting down: Master,error,"{""level"":""error""}","{""project"":""18ae2dc1-0a91-404f-9b9d-da9708df09e8"",""environment"":""2533d774-b502-45f4-8662-21104f0c30ec"",""service"":""8cc9f43f-3b20-493d-b93e-2f55ea2269d8"",""deployment"":""f90b7e66-86c1-455b-8ed3-9335e39456f9"",""replica"":""72c16734-1036-47f7-bddd-543351bfe469""}",2026-07-27T03:45:03.944062057Z
[2026-07-27 03:44:57 +0000] [1] [ERROR] Reason: App failed to load.,error,"{""level"":""error""}","{""project"":""18ae2dc1-0a91-404f-9b9d-da9708df09e8"",""environment"":""2533d774-b502-45f4-8662-21104f0c30ec"",""service"":""8cc9f43f-3b20-493d-b93e-2f55ea2269d8"",""deployment"":""f90b7e66-86c1-455b-8ed3-9335e39456f9"",""replica"":""72c16734-1036-47f7-bddd-543351bfe469""}",2026-07-27T03:45:03.944066337Z
[2026-07-27 03:44:58 +0000] [1] [INFO] Starting gunicorn 21.2.0,error,"{""level"":""error""}","{""project"":""18ae2dc1-0a91-404f-9b9d-da9708df09e8"",""environment"":""2533d774-b502-45f4-8662-21104f0c30ec"",""service"":""8cc9f43f-3b20-493d-b93e-2f55ea2269d8"",""deployment"":""f90b7e66-86c1-455b-8ed3-9335e39456f9"",""replica"":""72c16734-1036-47f7-bddd-543351bfe469""}",2026-07-27T03:45:03.944070047Z
[2026-07-27 03:44:58 +0000] [1] [INFO] Listening at: http://0.0.0.0:8080 (1),error,"{""level"":""error""}","{""project"":""18ae2dc1-0a91-404f-9b9d-da9708df09e8"",""environment"":""2533d774-b502-45f4-8662-21104f0c30ec"",""service"":""8cc9f43f-3b20-493d-b93e-2f55ea2269d8"",""deployment"":""f90b7e66-86c1-455b-8ed3-9335e39456f9"",""replica"":""72c16734-1036-47f7-bddd-543351bfe469""}",2026-07-27T03:45:03.944074807Z
[2026-07-27 03:44:58 +0000] [1] [INFO] Using worker: sync,error,"{""level"":""error""}","{""project"":""18ae2dc1-0a91-404f-9b9d-da9708df09e8"",""environment"":""2533d774-b502-45f4-8662-21104f0c30ec"",""service"":""8cc9f43f-3b20-493d-b93e-2f55ea2269d8"",""deployment"":""f90b7e66-86c1-455b-8ed3-9335e39456f9"",""replica"":""72c16734-1036-47f7-bddd-543351bfe469""}",2026-07-27T03:45:03.944078317Z
[2026-07-27 03:44:58 +0000] [2] [INFO] Booting worker with pid: 2,error,"{""level"":""error""}","{""project"":""18ae2dc1-0a91-404f-9b9d-da9708df09e8"",""environment"":""2533d774-b502-45f4-8662-21104f0c30ec"",""service"":""8cc9f43f-3b20-493d-b93e-2f55ea2269d8"",""deployment"":""f90b7e66-86c1-455b-8ed3-9335e39456f9"",""replica"":""72c16734-1036-47f7-bddd-543351bfe469""}",2026-07-27T03:45:03.944081697Z
Failed to find attribute 'app' in 'app'.,error,"{""level"":""error""}","{""project"":""18ae2dc1-0a91-404f-9b9d-da9708df09e8"",""environment"":""2533d774-b502-45f4-8662-21104f0c30ec"",""service"":""8cc9f43f-3b20-493d-b93e-2f55ea2269d8"",""deployment"":""f90b7e66-86c1-455b-8ed3-9335e39456f9"",""replica"":""72c16734-1036-47f7-bddd-543351bfe469""}",2026-07-27T03:45:03.944085507Z
[2026-07-27 03:44:57 +0000] [1] [INFO] Starting gunicorn 21.2.0,error,"{""level"":""error""}","{""project"":""18ae2dc1-0a91-404f-9b9d-da9708df09e8"",""environment"":""2533d774-b502-45f4-8662-21104f0c30ec"",""service"":""8cc9f43f-3b20-493d-b93e-2f55ea2269d8"",""deployment"":""f90b7e66-86c1-455b-8ed3-9335e39456f9"",""replica"":""72c16734-1036-47f7-bddd-543351bfe469""}",2026-07-27T03:45:03.944112307Z
[2026-07-27 03:44:57 +0000] [1] [INFO] Listening at: http://0.0.0.0:8080 (1),error,"{""level"":""error""}","{""project"":""18ae2dc1-0a91-404f-9b9d-da9708df09e8"",""environment"":""2533d774-b502-45f4-8662-21104f0c30ec"",""service"":""8cc9f43f-3b20-493d-b93e-2f55ea2269d8"",""deployment"":""f90b7e66-86c1-455b-8ed3-9335e39456f9"",""replica"":""72c16734-1036-47f7-bddd-543351bfe469""}",2026-07-27T03:45:03.944115797Z
[2026-07-27 03:44:57 +0000] [1] [INFO] Using worker: sync,error,"{""level"":""error""}","{""project"":""18ae2dc1-0a91-404f-9b9d-da9708df09e8"",""environment"":""2533d774-b502-45f4-8662-21104f0c30ec"",""service"":""8cc9f43f-3b20-493d-b93e-2f55ea2269d8"",""deployment"":""f90b7e66-86c1-455b-8ed3-9335e39456f9"",""replica"":""72c16734-1036-47f7-bddd-543351bfe469""}",2026-07-27T03:45:03.944119576Z
[2026-07-27 03:44:57 +0000] [2] [INFO] Booting worker with pid: 2,error,"{""level"":""error""}","{""project"":""18ae2dc1-0a91-404f-9b9d-da9708df09e8"",""environment"":""2533d774-b502-45f4-8662-21104f0c30ec"",""service"":""8cc9f43f-3b20-493d-b93e-2f55ea2269d8"",""deployment"":""f90b7e66-86c1-455b-8ed3-9335e39456f9"",""replica"":""72c16734-1036-47f7-bddd-543351bfe469""}",2026-07-27T03:45:03.944123166Z
Failed to find attribute 'app' in 'app'.,error,"{""level"":""error""}","{""project"":""18ae2dc1-0a91-404f-9b9d-da9708df09e8"",""environment"":""2533d774-b502-45f4-8662-21104f0c30ec"",""service"":""8cc9f43f-3b20-493d-b93e-2f55ea2269d8"",""deployment"":""f90b7e66-86c1-455b-8ed3-9335e39456f9"",""replica"":""72c16734-1036-47f7-bddd-543351bfe469""}",2026-07-27T03:45:03.944127426Z
[2026-07-27 03:45:00 +0000] [1] [INFO] Using worker: sync,error,"{""level"":""error""}","{""project"":""18ae2dc1-0a91-404f-9b9d-da9708df09e8"",""environment"":""2533d774-b502-45f4-8662-21104f0c30ec"",""service"":""8cc9f43f-3b20-493d-b93e-2f55ea2269d8"",""deployment"":""f90b7e66-86c1-455b-8ed3-9335e39456f9"",""replica"":""72c16734-1036-47f7-bddd-543351bfe469""}",2026-07-27T03:45:03.945349900Z
[2026-07-27 03:45:00 +0000] [2] [INFO] Booting worker with pid: 2,error,"{""level"":""error""}","{""project"":""18ae2dc1-0a91-404f-9b9d-da9708df09e8"",""environment"":""2533d774-b502-45f4-8662-21104f0c30ec"",""service"":""8cc9f43f-3b20-493d-b93e-2f55ea2269d8"",""deployment"":""f90b7e66-86c1-455b-8ed3-9335e39456f9"",""replica"":""72c16734-1036-47f7-bddd-543351bfe469""}",2026-07-27T03:45:03.945356490Z
Failed to find attribute 'app' in 'app'.,error,"{""level"":""error""}","{""project"":""18ae2dc1-0a91-404f-9b9d-da9708df09e8"",""environment"":""2533d774-b502-45f4-8662-21104f0c30ec"",""service"":""8cc9f43f-3b20-493d-b93e-2f55ea2269d8"",""deployment"":""f90b7e66-86c1-455b-8ed3-9335e39456f9"",""replica"":""72c16734-1036-47f7-bddd-543351bfe469""}",2026-07-27T03:45:03.945359680Z
[2026-07-27 03:45:00 +0000] [2] [INFO] Worker exiting (pid: 2),error,"{""level"":""error""}","{""project"":""18ae2dc1-0a91-404f-9b9d-da9708df09e8"",""environment"":""2533d774-b502-45f4-8662-21104f0c30ec"",""service"":""8cc9f43f-3b20-493d-b93e-2f55ea2269d8"",""deployment"":""f90b7e66-86c1-455b-8ed3-9335e39456f9"",""replica"":""72c16734-1036-47f7-bddd-543351bfe469""}",2026-07-27T03:45:03.945363210Z
[2026-07-27 03:45:00 +0000] [1] [ERROR] Worker (pid:2) exited with code 4,error,"{""level"":""error""}","{""project"":""18ae2dc1-0a91-404f-9b9d-da9708df09e8"",""environment"":""2533d774-b502-45f4-8662-21104f0c30ec"",""service"":""8cc9f43f-3b20-493d-b93e-2f55ea2269d8"",""deployment"":""f90b7e66-86c1-455b-8ed3-9335e39456f9"",""replica"":""72c16734-1036-47f7-bddd-543351bfe469""}",2026-07-27T03:45:03.945368170Z
[2026-07-27 03:45:00 +0000] [1] [ERROR] Shutting down: Master,error,"{""level"":""error""}","{""project"":""18ae2dc1-0a91-404f-9b9d-da9708df09e8"",""environment"":""2533d774-b502-45f4-8662-21104f0c30ec"",""service"":""8cc9f43f-3b20-493d-b93e-2f55ea2269d8"",""deployment"":""f90b7e66-86c1-455b-8ed3-9335e39456f9"",""replica"":""72c16734-1036-47f7-bddd-543351bfe469""}",2026-07-27T03:45:03.945372190Z
[2026-07-27 03:45:00 +0000] [1] [ERROR] Reason: App failed to load.,error,"{""level"":""error""}","{""project"":""18ae2dc1-0a91-404f-9b9d-da9708df09e8"",""environment"":""2533d774-b502-45f4-8662-21104f0c30ec"",""service"":""8cc9f43f-3b20-493d-b93e-2f55ea2269d8"",""deployment"":""f90b7e66-86c1-455b-8ed3-9335e39456f9"",""replica"":""72c16734-1036-47f7-bddd-543351bfe469""}",2026-07-27T03:45:03.945375960Z
[2026-07-27 03:45:01 +0000] [1] [INFO] Starting gunicorn 21.2.0,error,"{""level"":""error""}","{""project"":""18ae2dc1-0a91-404f-9b9d-da9708df09e8"",""environment"":""2533d774-b502-45f4-8662-21104f0c30ec"",""service"":""8cc9f43f-3b20-493d-b93e-2f55ea2269d8"",""deployment"":""f90b7e66-86c1-455b-8ed3-9335e39456f9"",""replica"":""72c16734-1036-47f7-bddd-543351bfe469""}",2026-07-27T03:45:03.945379140Z
[2026-07-27 03:45:01 +0000] [1] [INFO] Listening at: http://0.0.0.0:8080 (1),error,"{""level"":""error""}","{""project"":""18ae2dc1-0a91-404f-9b9d-da9708df09e8"",""environment"":""2533d774-b502-45f4-8662-21104f0c30ec"",""service"":""8cc9f43f-3b20-493d-b93e-2f55ea2269d8"",""deployment"":""f90b7e66-86c1-455b-8ed3-9335e39456f9"",""replica"":""72c16734-1036-47f7-bddd-543351bfe469""}",2026-07-27T03:45:03.945382500Z
[2026-07-27 03:45:01 +0000] [1] [INFO] Using worker: sync,error,"{""level"":""error""}","{""project"":""18ae2dc1-0a91-404f-9b9d-da9708df09e8"",""environment"":""2533d774-b502-45f4-8662-21104f0c30ec"",""service"":""8cc9f43f-3b20-493d-b93e-2f55ea2269d8"",""deployment"":""f90b7e66-86c1-455b-8ed3-9335e39456f9"",""replica"":""72c16734-1036-47f7-bddd-543351bfe469""}",2026-07-27T03:45:03.945386250Z
[2026-07-27 03:45:01 +0000] [2] [INFO] Booting worker with pid: 2,error,"{""level"":""error""}","{""project"":""18ae2dc1-0a91-404f-9b9d-da9708df09e8"",""environment"":""2533d774-b502-45f4-8662-21104f0c30ec"",""service"":""8cc9f43f-3b20-493d-b93e-2f55ea2269d8"",""deployment"":""f90b7e66-86c1-455b-8ed3-9335e39456f9"",""replica"":""72c16734-1036-47f7-bddd-543351bfe469""}",2026-07-27T03:45:03.945391440Z
Failed to find attribute 'app' in 'app'.,error,"{""level"":""error""}","{""project"":""18ae2dc1-0a91-404f-9b9d-da9708df09e8"",""environment"":""2533d774-b502-45f4-8662-21104f0c30ec"",""service"":""8cc9f43f-3b20-493d-b93e-2f55ea2269d8"",""deployment"":""f90b7e66-86c1-455b-8ed3-9335e39456f9"",""replica"":""72c16734-1036-47f7-bddd-543351bfe469""}",2026-07-27T03:45:03.945395030Z
[2026-07-27 03:45:02 +0000] [2] [INFO] Worker exiting (pid: 2),error,"{""level"":""error""}","{""project"":""18ae2dc1-0a91-404f-9b9d-da9708df09e8"",""environment"":""2533d774-b502-45f4-8662-21104f0c30ec"",""service"":""8cc9f43f-3b20-493d-b93e-2f55ea2269d8"",""deployment"":""f90b7e66-86c1-455b-8ed3-9335e39456f9"",""replica"":""72c16734-1036-47f7-bddd-543351bfe469""}",2026-07-27T03:45:03.945398370Z
[2026-07-27 03:45:02 +0000] [1] [ERROR] Worker (pid:2) exited with code 4,error,"{""level"":""error""}","{""project"":""18ae2dc1-0a91-404f-9b9d-da9708df09e8"",""environment"":""2533d774-b502-45f4-8662-21104f0c30ec"",""service"":""8cc9f43f-3b20-493d-b93e-2f55ea2269d8"",""deployment"":""f90b7e66-86c1-455b-8ed3-9335e39456f9"",""replica"":""72c16734-1036-47f7-bddd-543351bfe469""}",2026-07-27T03:45:03.945401550Z
[2026-07-27 03:45:02 +0000] [1] [ERROR] Shutting down: Master,error,"{""level"":""error""}","{""project"":""18ae2dc1-0a91-404f-9b9d-da9708df09e8"",""environment"":""2533d774-b502-45f4-8662-21104f0c30ec"",""service"":""8cc9f43f-3b20-493d-b93e-2f55ea2269d8"",""deployment"":""f90b7e66-86c1-455b-8ed3-9335e39456f9"",""replica"":""72c16734-1036-47f7-bddd-543351bfe469""}",2026-07-27T03:45:03.945405060Z
[2026-07-27 03:45:02 +0000] [1] [ERROR] Reason: App failed to load.,error,"{""level"":""error""}","{""project"":""18ae2dc1-0a91-404f-9b9d-da9708df09e8"",""environment"":""2533d774-b502-45f4-8662-21104f0c30ec"",""service"":""8cc9f43f-3b20-493d-b93e-2f55ea2269d8"",""deployment"":""f90b7e66-86c1-455b-8ed3-9335e39456f9"",""replica"":""72c16734-1036-47f7-bddd-543351bfe469""}",2026-07-27T03:45:03.945408350Z
[2026-07-27 03:45:03 +0000] [1] [INFO] Starting gunicorn 21.2.0,error,"{""level"":""error""}","{""project"":""18ae2dc1-0a91-404f-9b9d-da9708df09e8"",""environment"":""2533d774-b502-45f4-8662-21104f0c30ec"",""service"":""8cc9f43f-3b20-493d-b93e-2f55ea2269d8"",""deployment"":""f90b7e66-86c1-455b-8ed3-9335e39456f9"",""replica"":""72c16734-1036-47f7-bddd-543351bfe469""}",2026-07-27T03:45:03.945411310Z
[2026-07-27 03:45:03 +0000] [1] [INFO] Listening at: http://0.0.0.0:8080 (1),error,"{""level"":""error""}","{""project"":""18ae2dc1-0a91-404f-9b9d-da9708df09e8"",""environment"":""2533d774-b502-45f4-8662-21104f0c30ec"",""service"":""8cc9f43f-3b20-493d-b93e-2f55ea2269d8"",""deployment"":""f90b7e66-86c1-455b-8ed3-9335e39456f9"",""replica"":""72c16734-1036-47f7-bddd-543351bfe469""}",2026-07-27T03:45:03.945414240Z
[2026-07-27 03:45:03 +0000] [1] [INFO] Using worker: sync,error,"{""level"":""error""}","{""project"":""18ae2dc1-0a91-404f-9b9d-da9708df09e8"",""environment"":""2533d774-b502-45f4-8662-21104f0c30ec"",""service"":""8cc9f43f-3b20-493d-b93e-2f55ea2269d8"",""deployment"":""f90b7e66-86c1-455b-8ed3-9335e39456f9"",""replica"":""72c16734-1036-47f7-bddd-543351bfe469""}",2026-07-27T03:45:03.945417120Z
[2026-07-27 03:45:03 +0000] [2] [INFO] Booting worker with pid: 2,error,"{""level"":""error""}","{""project"":""18ae2dc1-0a91-404f-9b9d-da9708df09e8"",""environment"":""2533d774-b502-45f4-8662-21104f0c30ec"",""service"":""8cc9f43f-3b20-493d-b93e-2f55ea2269d8"",""deployment"":""f90b7e66-86c1-455b-8ed3-9335e39456f9"",""replica"":""72c16734-1036-47f7-bddd-543351bfe469""}",2026-07-27T03:45:03.945422800Z
Failed to find attribute 'app' in 'app'.,error,"{""level"":""error""}","{""project"":""18ae2dc1-0a91-404f-9b9d-da9708df09e8"",""environment"":""2533d774-b502-45f4-8662-21104f0c30ec"",""service"":""8cc9f43f-3b20-493d-b93e-2f55ea2269d8"",""deployment"":""f90b7e66-86c1-455b-8ed3-9335e39456f9"",""replica"":""72c16734-1036-47f7-bddd-543351bfe469""}",2026-07-27T03:45:03.946711653Z
[2026-07-27 03:45:03 +0000] [2] [INFO] Worker exiting (pid: 2),error,"{""level"":""error""}","{""project"":""18ae2dc1-0a91-404f-9b9d-da9708df09e8"",""environment"":""2533d774-b502-45f4-8662-21104f0c30ec"",""service"":""8cc9f43f-3b20-493d-b93e-2f55ea2269d8"",""deployment"":""f90b7e66-86c1-455b-8ed3-9335e39456f9"",""replica"":""72c16734-1036-47f7-bddd-543351bfe469""}",2026-07-27T03:45:03.946715023Z
[2026-07-27 03:45:03 +0000] [1] [ERROR] Worker (pid:2) exited with code 4,error,"{""level"":""error""}","{""project"":""18ae2dc1-0a91-404f-9b9d-da9708df09e8"",""environment"":""2533d774-b502-45f4-8662-21104f0c30ec"",""service"":""8cc9f43f-3b20-493d-b93e-2f55ea2269d8"",""deployment"":""f90b7e66-86c1-455b-8ed3-9335e39456f9"",""replica"":""72c16734-1036-47f7-bddd-543351bfe469""}",2026-07-27T03:45:03.946720303Z
[2026-07-27 03:45:03 +0000] [1] [ERROR] Shutting down: Master,error,"{""level"":""error""}","{""project"":""18ae2dc1-0a91-404f-9b9d-da9708df09e8"",""environment"":""2533d774-b502-45f4-8662-21104f0c30ec"",""service"":""8cc9f43f-3b20-493d-b93e-2f55ea2269d8"",""deployment"":""f90b7e66-86c1-455b-8ed3-9335e39456f9"",""replica"":""72c16734-1036-47f7-bddd-543351bfe469""}",2026-07-27T03:45:03.946723933Z
[2026-07-27 03:45:03 +0000] [1] [ERROR] Reason: App failed to load.,error,"{""level"":""error""}","{""project"":""18ae2dc1-0a91-404f-9b9d-da9708df09e8"",""environment"":""2533d774-b502-45f4-8662-21104f0c30ec"",""service"":""8cc9f43f-3b20-493d-b93e-2f55ea2269d8"",""deployment"":""f90b7e66-86c1-455b-8ed3-9335e39456f9"",""replica"":""72c16734-1036-47f7-bddd-543351bfe469""}",2026-07-27T03:45:03.946727343Z
[2026-07-27 03:45:05 +0000] [1] [INFO] Starting gunicorn 21.2.0,error,"{""level"":""error""}","{""project"":""18ae2dc1-0a91-404f-9b9d-da9708df09e8"",""environment"":""2533d774-b502-45f4-8662-21104f0c30ec"",""service"":""8cc9f43f-3b20-493d-b93e-2f55ea2269d8"",""deployment"":""f90b7e66-86c1-455b-8ed3-9335e39456f9"",""replica"":""72c16734-1036-47f7-bddd-543351bfe469""}",2026-07-27T03:45:05.068714552Z
[2026-07-27 03:45:05 +0000] [1] [INFO] Listening at: http://0.0.0.0:8080 (1),error,"{""level"":""error""}","{""project"":""18ae2dc1-0a91-404f-9b9d-da9708df09e8"",""environment"":""2533d774-b502-45f4-8662-21104f0c30ec"",""service"":""8cc9f43f-3b20-493d-b93e-2f55ea2269d8"",""deployment"":""f90b7e66-86c1-455b-8ed3-9335e39456f9"",""replica"":""72c16734-1036-47f7-bddd-543351bfe469""}",2026-07-27T03:45:05.068717662Z
[2026-07-27 03:45:05 +0000] [1] [INFO] Using worker: sync,error,"{""level"":""error""}","{""project"":""18ae2dc1-0a91-404f-9b9d-da9708df09e8"",""environment"":""2533d774-b502-45f4-8662-21104f0c30ec"",""service"":""8cc9f43f-3b20-493d-b93e-2f55ea2269d8"",""deployment"":""f90b7e66-86c1-455b-8ed3-9335e39456f9"",""replica"":""72c16734-1036-47f7-bddd-543351bfe469""}",2026-07-27T03:45:05.068720352Z
[2026-07-27 03:45:05 +0000] [2] [INFO] Booting worker with pid: 2,error,"{""level"":""error""}","{""project"":""18ae2dc1-0a91-404f-9b9d-da9708df09e8"",""environment"":""2533d774-b502-45f4-8662-21104f0c30ec"",""service"":""8cc9f43f-3b20-493d-b93e-2f55ea2269d8"",""deployment"":""f90b7e66-86c1-455b-8ed3-9335e39456f9"",""replica"":""72c16734-1036-47f7-bddd-543351bfe469""}",2026-07-27T03:45:05.069645427Z
Failed to find attribute 'app' in 'app'.,error,"{""level"":""error""}","{""project"":""18ae2dc1-0a91-404f-9b9d-da9708df09e8"",""environment"":""2533d774-b502-45f4-8662-21104f0c30ec"",""service"":""8cc9f43f-3b20-493d-b93e-2f55ea2269d8"",""deployment"":""f90b7e66-86c1-455b-8ed3-9335e39456f9"",""replica"":""72c16734-1036-47f7-bddd-543351bfe469""}",2026-07-27T03:45:05.464026265Z
[2026-07-27 03:45:05 +0000] [2] [INFO] Worker exiting (pid: 2),error,"{""level"":""error""}","{""project"":""18ae2dc1-0a91-404f-9b9d-da9708df09e8"",""environment"":""2533d774-b502-45f4-8662-21104f0c30ec"",""service"":""8cc9f43f-3b20-493d-b93e-2f55ea2269d8"",""deployment"":""f90b7e66-86c1-455b-8ed3-9335e39456f9"",""replica"":""72c16734-1036-47f7-bddd-543351bfe469""}",2026-07-27T03:45:05.464031235Z
[2026-07-27 03:45:05 +0000] [1] [ERROR] Worker (pid:2) exited with code 4,error,"{""level"":""error""}","{""project"":""18ae2dc1-0a91-404f-9b9d-da9708df09e8"",""environment"":""2533d774-b502-45f4-8662-21104f0c30ec"",""service"":""8cc9f43f-3b20-493d-b93e-2f55ea2269d8"",""deployment"":""f90b7e66-86c1-455b-8ed3-9335e39456f9"",""replica"":""72c16734-1036-47f7-bddd-543351bfe469""}",2026-07-27T03:45:05.619771939Z
[2026-07-27 03:45:05 +0000] [1] [ERROR] Shutting down: Master,error,"{""level"":""error""}","{""project"":""18ae2dc1-0a91-404f-9b9d-da9708df09e8"",""environment"":""2533d774-b502-45f4-8662-21104f0c30ec"",""service"":""8cc9f43f-3b20-493d-b93e-2f55ea2269d8"",""deployment"":""f90b7e66-86c1-455b-8ed3-9335e39456f9"",""replica"":""72c16734-1036-47f7-bddd-543351bfe469""}",2026-07-27T03:45:05.619778339Z
[2026-07-27 03:45:05 +0000] [1] [ERROR] Reason: App failed to load.,error,"{""level"":""error""}","{""project"":""18ae2dc1-0a91-404f-9b9d-da9708df09e8"",""environment"":""2533d774-b502-45f4-8662-21104f0c30ec"",""service"":""8cc9f43f-3b20-493d-b93e-2f55ea2269d8"",""deployment"":""f90b7e66-86c1-455b-8ed3-9335e39456f9"",""replica"":""72c16734-1036-47f7-bddd-543351bfe469""}",2026-07-27T03:45:05.619782419Z
[2026-07-27 03:45:06 +0000] [1] [INFO] Starting gunicorn 21.2.0,error,"{""level"":""error""}","{""project"":""18ae2dc1-0a91-404f-9b9d-da9708df09e8"",""environment"":""2533d774-b502-45f4-8662-21104f0c30ec"",""service"":""8cc9f43f-3b20-493d-b93e-2f55ea2269d8"",""deployment"":""f90b7e66-86c1-455b-8ed3-9335e39456f9"",""replica"":""72c16734-1036-47f7-bddd-543351bfe469""}",2026-07-27T03:45:06.468134989Z
[2026-07-27 03:45:06 +0000] [1] [INFO] Listening at: http://0.0.0.0:8080 (1),error,"{""level"":""error""}","{""project"":""18ae2dc1-0a91-404f-9b9d-da9708df09e8"",""environment"":""2533d774-b502-45f4-8662-21104f0c30ec"",""service"":""8cc9f43f-3b20-493d-b93e-2f55ea2269d8"",""deployment"":""f90b7e66-86c1-455b-8ed3-9335e39456f9"",""replica"":""72c16734-1036-47f7-bddd-543351bfe469""}",2026-07-27T03:45:06.468138589Z
[2026-07-27 03:45:06 +0000] [1] [INFO] Using worker: sync,error,"{""level"":""error""}","{""project"":""18ae2dc1-0a91-404f-9b9d-da9708df09e8"",""environment"":""2533d774-b502-45f4-8662-21104f0c30ec"",""service"":""8cc9f43f-3b20-493d-b93e-2f55ea2269d8"",""deployment"":""f90b7e66-86c1-455b-8ed3-9335e39456f9"",""replica"":""72c16734-1036-47f7-bddd-543351bfe469""}",2026-07-27T03:45:06.468141579Z
[2026-07-27 03:45:06 +0000] [2] [INFO] Booting worker with pid: 2,error,"{""level"":""error""}","{""project"":""18ae2dc1-0a91-404f-9b9d-da9708df09e8"",""environment"":""2533d774-b502-45f4-8662-21104f0c30ec"",""service"":""8cc9f43f-3b20-493d-b93e-2f55ea2269d8"",""deployment"":""f90b7e66-86c1-455b-8ed3-9335e39456f9"",""replica"":""72c16734-1036-47f7-bddd-543351bfe469""}",2026-07-27T03:45:06.468144319Z
Failed to find attribute 'app' in 'app'.,error,"{""level"":""error""}","{""project"":""18ae2dc1-0a91-404f-9b9d-da9708df09e8"",""environment"":""2533d774-b502-45f4-8662-21104f0c30ec"",""service"":""8cc9f43f-3b20-493d-b93e-2f55ea2269d8"",""deployment"":""f90b7e66-86c1-455b-8ed3-9335e39456f9"",""replica"":""72c16734-1036-47f7-bddd-543351bfe469""}",2026-07-27T03:45:06.855982863Z
[2026-07-27 03:45:06 +0000] [2] [INFO] Worker exiting (pid: 2),error,"{""level"":""error""}","{""project"":""18ae2dc1-0a91-404f-9b9d-da9708df09e8"",""environment"":""2533d774-b502-45f4-8662-21104f0c30ec"",""service"":""8cc9f43f-3b20-493d-b93e-2f55ea2269d8"",""deployment"":""f90b7e66-86c1-455b-8ed3-9335e39456f9"",""replica"":""72c16734-1036-47f7-bddd-543351bfe469""}",2026-07-27T03:45:06.855986043Z
[2026-07-27 03:45:06 +0000] [1] [ERROR] Worker (pid:2) exited with code 4,error,"{""level"":""error""}","{""project"":""18ae2dc1-0a91-404f-9b9d-da9708df09e8"",""environment"":""2533d774-b502-45f4-8662-21104f0c30ec"",""service"":""8cc9f43f-3b20-493d-b93e-2f55ea2269d8"",""deployment"":""f90b7e66-86c1-455b-8ed3-9335e39456f9"",""replica"":""72c16734-1036-47f7-bddd-543351bfe469""}",2026-07-27T03:45:07.116770999Z
[2026-07-27 03:45:06 +0000] [1] [ERROR] Shutting down: Master,error,"{""level"":""error""}","{""project"":""18ae2dc1-0a91-404f-9b9d-da9708df09e8"",""environment"":""2533d774-b502-45f4-8662-21104f0c30ec"",""service"":""8cc9f43f-3b20-493d-b93e-2f55ea2269d8"",""deployment"":""f90b7e66-86c1-455b-8ed3-9335e39456f9"",""replica"":""72c16734-1036-47f7-bddd-543351bfe469""}",2026-07-27T03:45:07.116777769Z
[2026-07-27 03:45:06 +0000] [1] [ERROR] Reason: App failed to load.,error,"{""level"":""error""}","{""project"":""18ae2dc1-0a91-404f-9b9d-da9708df09e8"",""environment"":""2533d774-b502-45f4-8662-21104f0c30ec"",""service"":""8cc9f43f-3b20-493d-b93e-2f55ea2269d8"",""deployment"":""f90b7e66-86c1-455b-8ed3-9335e39456f9"",""replica"":""72c16734-1036-47f7-bddd-543351bfe469""}",2026-07-27T03:45:07.116781679Z
[2026-07-27 03:45:07 +0000] [1] [INFO] Starting gunicorn 21.2.0,error,"{""level"":""error""}","{""project"":""18ae2dc1-0a91-404f-9b9d-da9708df09e8"",""environment"":""2533d774-b502-45f4-8662-21104f0c30ec"",""service"":""8cc9f43f-3b20-493d-b93e-2f55ea2269d8"",""deployment"":""f90b7e66-86c1-455b-8ed3-9335e39456f9"",""replica"":""72c16734-1036-47f7-bddd-543351bfe469""}",2026-07-27T03:45:08.140759279Z
[2026-07-27 03:45:07 +0000] [1] [INFO] Listening at: http://0.0.0.0:8080 (1),error,"{""level"":""error""}","{""project"":""18ae2dc1-0a91-404f-9b9d-da9708df09e8"",""environment"":""2533d774-b502-45f4-8662-21104f0c30ec"",""service"":""8cc9f43f-3b20-493d-b93e-2f55ea2269d8"",""deployment"":""f90b7e66-86c1-455b-8ed3-9335e39456f9"",""replica"":""72c16734-1036-47f7-bddd-543351bfe469""}",2026-07-27T03:45:08.140764029Z
[2026-07-27 03:45:07 +0000] [1] [INFO] Using worker: sync,error,"{""level"":""error""}","{""project"":""18ae2dc1-0a91-404f-9b9d-da9708df09e8"",""environment"":""2533d774-b502-45f4-8662-21104f0c30ec"",""service"":""8cc9f43f-3b20-493d-b93e-2f55ea2269d8"",""deployment"":""f90b7e66-86c1-455b-8ed3-9335e39456f9"",""replica"":""72c16734-1036-47f7-bddd-543351bfe469""}",2026-07-27T03:45:08.140766579Z
[2026-07-27 03:45:07 +0000] [2] [INFO] Booting worker with pid: 2,error,"{""level"":""error""}","{""project"":""18ae2dc1-0a91-404f-9b9d-da9708df09e8"",""environment"":""2533d774-b502-45f4-8662-21104f0c30ec"",""service"":""8cc9f43f-3b20-493d-b93e-2f55ea2269d8"",""deployment"":""f90b7e66-86c1-455b-8ed3-9335e39456f9"",""replica"":""72c16734-1036-47f7-bddd-543351bfe469""}",2026-07-27T03:45:08.140769449Z
Failed to find attribute 'app' in 'app'.,error,"{""level"":""error""}","{""project"":""18ae2dc1-0a91-404f-9b9d-da9708df09e8"",""environment"":""2533d774-b502-45f4-8662-21104f0c30ec"",""service"":""8cc9f43f-3b20-493d-b93e-2f55ea2269d8"",""deployment"":""f90b7e66-86c1-455b-8ed3-9335e39456f9"",""replica"":""72c16734-1036-47f7-bddd-543351bfe469""}",2026-07-27T03:45:08.411674012Z
[2026-07-27 03:45:08 +0000] [2] [INFO] Worker exiting (pid: 2),error,"{""level"":""error""}","{""project"":""18ae2dc1-0a91-404f-9b9d-da9708df09e8"",""environment"":""2533d774-b502-45f4-8662-21104f0c30ec"",""service"":""8cc9f43f-3b20-493d-b93e-2f55ea2269d8"",""deployment"":""f90b7e66-86c1-455b-8ed3-9335e39456f9"",""replica"":""72c16734-1036-47f7-bddd-543351bfe469""}",2026-07-27T03:45:08.411676972Z
[2026-07-27 03:45:08 +0000] [1] [ERROR] Worker (pid:2) exited with code 4,error,"{""level"":""error""}","{""project"":""18ae2dc1-0a91-404f-9b9d-da9708df09e8"",""environment"":""2533d774-b502-45f4-8662-21104f0c30ec"",""service"":""8cc9f43f-3b20-493d-b93e-2f55ea2269d8"",""deployment"":""f90b7e66-86c1-455b-8ed3-9335e39456f9"",""replica"":""72c16734-1036-47f7-bddd-543351bfe469""}",2026-07-27T03:45:08.512543777Z
[2026-07-27 03:45:08 +0000] [1] [ERROR] Shutting down: Master,error,"{""level"":""error""}","{""project"":""18ae2dc1-0a91-404f-9b9d-da9708df09e8"",""environment"":""2533d774-b502-45f4-8662-21104f0c30ec"",""service"":""8cc9f43f-3b20-493d-b93e-2f55ea2269d8"",""deployment"":""f90b7e66-86c1-455b-8ed3-9335e39456f9"",""replica"":""72c16734-1036-47f7-bddd-543351bfe469""}",2026-07-27T03:45:08.512547537Z
[2026-07-27 03:45:08 +0000] [1] [ERROR] Reason: App failed to load.,error,"{""level"":""error""}","{""project"":""18ae2dc1-0a91-404f-9b9d-da9708df09e8"",""environment"":""2533d774-b502-45f4-8662-21104f0c30ec"",""service"":""8cc9f43f-3b20-493d-b93e-2f55ea2269d8"",""deployment"":""f90b7e66-86c1-455b-8ed3-9335e39456f9"",""replica"":""72c16734-1036-47f7-bddd-543351bfe469""}",2026-07-27T03:45:08.512551387Z
[2026-07-27 03:45:09 +0000] [1] [INFO] Starting gunicorn 21.2.0,error,"{""level"":""error""}","{""project"":""18ae2dc1-0a91-404f-9b9d-da9708df09e8"",""environment"":""2533d774-b502-45f4-8662-21104f0c30ec"",""service"":""8cc9f43f-3b20-493d-b93e-2f55ea2269d8"",""deployment"":""f90b7e66-86c1-455b-8ed3-9335e39456f9"",""replica"":""72c16734-1036-47f7-bddd-543351bfe469""}",2026-07-27T03:45:09.665577912Z
[2026-07-27 03:45:09 +0000] [1] [INFO] Listening at: http://0.0.0.0:8080 (1),error,"{""level"":""error""}","{""project"":""18ae2dc1-0a91-404f-9b9d-da9708df09e8"",""environment"":""2533d774-b502-45f4-8662-21104f0c30ec"",""service"":""8cc9f43f-3b20-493d-b93e-2f55ea2269d8"",""deployment"":""f90b7e66-86c1-455b-8ed3-9335e39456f9"",""replica"":""72c16734-1036-47f7-bddd-543351bfe469""}",2026-07-27T03:45:09.665580112Z
[2026-07-27 03:45:09 +0000] [1] [INFO] Using worker: sync,error,"{""level"":""error""}","{""project"":""18ae2dc1-0a91-404f-9b9d-da9708df09e8"",""environment"":""2533d774-b502-45f4-8662-21104f0c30ec"",""service"":""8cc9f43f-3b20-493d-b93e-2f55ea2269d8"",""deployment"":""f90b7e66-86c1-455b-8ed3-9335e39456f9"",""replica"":""72c16734-1036-47f7-bddd-543351bfe469""}",2026-07-27T03:45:09.665585702Z
[2026-07-27 03:45:09 +0000] [2] [INFO] Booting worker with pid: 2,error,"{""level"":""error""}","{""project"":""18ae2dc1-0a91-404f-9b9d-da9708df09e8"",""environment"":""2533d774-b502-45f4-8662-21104f0c30ec"",""service"":""8cc9f43f-3b20-493d-b93e-2f55ea2269d8"",""deployment"":""f90b7e66-86c1-455b-8ed3-9335e39456f9"",""replica"":""72c16734-1036-47f7-bddd-543351bfe469""}",2026-07-27T03:45:09.665588352Z
Failed to find attribute 'app' in 'app'.,error,"{""level"":""error""}","{""project"":""18ae2dc1-0a91-404f-9b9d-da9708df09e8"",""environment"":""2533d774-b502-45f4-8662-21104f0c30ec"",""service"":""8cc9f43f-3b20-493d-b93e-2f55ea2269d8"",""deployment"":""f90b7e66-86c1-455b-8ed3-9335e39456f9"",""replica"":""72c16734-1036-47f7-bddd-543351bfe469""}",2026-07-27T03:45:10.124007830Z
[2026-07-27 03:45:09 +0000] [2] [INFO] Worker exiting (pid: 2),error,"{""level"":""error""}","{""project"":""18ae2dc1-0a91-404f-9b9d-da9708df09e8"",""environment"":""2533d774-b502-45f4-8662-21104f0c30ec"",""service"":""8cc9f43f-3b20-493d-b93e-2f55ea2269d8"",""deployment"":""f90b7e66-86c1-455b-8ed3-9335e39456f9"",""replica"":""72c16734-1036-47f7-bddd-543351bfe469""}",2026-07-27T03:45:10.124011040Z
[2026-07-27 03:45:10 +0000] [1] [ERROR] Worker (pid:2) exited with code 4,error,"{""level"":""error""}","{""project"":""18ae2dc1-0a91-404f-9b9d-da9708df09e8"",""environment"":""2533d774-b502-45f4-8662-21104f0c30ec"",""service"":""8cc9f43f-3b20-493d-b93e-2f55ea2269d8"",""deployment"":""f90b7e66-86c1-455b-8ed3-9335e39456f9"",""replica"":""72c16734-1036-47f7-bddd-543351bfe469""}",2026-07-27T03:45:10.124014130Z
[2026-07-27 03:45:10 +0000] [1] [ERROR] Shutting down: Master,error,"{""level"":""error""}","{""project"":""18ae2dc1-0a91-404f-9b9d-da9708df09e8"",""environment"":""2533d774-b502-45f4-8662-21104f0c30ec"",""service"":""8cc9f43f-3b20-493d-b93e-2f55ea2269d8"",""deployment"":""f90b7e66-86c1-455b-8ed3-9335e39456f9"",""replica"":""72c16734-1036-47f7-bddd-543351bfe469""}",2026-07-27T03:45:10.124016760Z
[2026-07-27 03:45:10 +0000] [1] [ERROR] Reason: App failed to load.,error,"{""level"":""error""}","{""project"":""18ae2dc1-0a91-404f-9b9d-da9708df09e8"",""environment"":""2533d774-b502-45f4-8662-21104f0c30ec"",""service"":""8cc9f43f-3b20-493d-b93e-2f55ea2269d8"",""deployment"":""f90b7e66-86c1-455b-8ed3-9335e39456f9"",""replica"":""72c16734-1036-47f7-bddd-543351bfe469""}",2026-07-27T03:45:10.124019660Z
[2026-07-27 03:45:11 +0000] [1] [INFO] Starting gunicorn 21.2.0,error,"{""level"":""error""}","{""project"":""18ae2dc1-0a91-404f-9b9d-da9708df09e8"",""environment"":""2533d774-b502-45f4-8662-21104f0c30ec"",""service"":""8cc9f43f-3b20-493d-b93e-2f55ea2269d8"",""deployment"":""f90b7e66-86c1-455b-8ed3-9335e39456f9"",""replica"":""72c16734-1036-47f7-bddd-543351bfe469""}",2026-07-27T03:45:11.155089732Z
[2026-07-27 03:45:11 +0000] [1] [INFO] Listening at: http://0.0.0.0:8080 (1),error,"{""level"":""error""}","{""project"":""18ae2dc1-0a91-404f-9b9d-da9708df09e8"",""environment"":""2533d774-b502-45f4-8662-21104f0c30ec"",""service"":""8cc9f43f-3b20-493d-b93e-2f55ea2269d8"",""deployment"":""f90b7e66-86c1-455b-8ed3-9335e39456f9"",""replica"":""72c16734-1036-47f7-bddd-543351bfe469""}",2026-07-27T03:45:11.155098362Z
[2026-07-27 03:45:11 +0000] [1] [INFO] Using worker: sync,error,"{""level"":""error""}","{""project"":""18ae2dc1-0a91-404f-9b9d-da9708df09e8"",""environment"":""2533d774-b502-45f4-8662-21104f0c30ec"",""service"":""8cc9f43f-3b20-493d-b93e-2f55ea2269d8"",""deployment"":""f90b7e66-86c1-455b-8ed3-9335e39456f9"",""replica"":""72c16734-1036-47f7-bddd-543351bfe469""}",2026-07-27T03:45:11.155102232Z
[2026-07-27 03:45:11 +0000] [2] [INFO] Booting worker with pid: 2,error,"{""level"":""error""}","{""project"":""18ae2dc1-0a91-404f-9b9d-da9708df09e8"",""environment"":""2533d774-b502-45f4-8662-21104f0c30ec"",""service"":""8cc9f43f-3b20-493d-b93e-2f55ea2269d8"",""deployment"":""f90b7e66-86c1-455b-8ed3-9335e39456f9"",""replica"":""72c16734-1036-47f7-bddd-543351bfe469""}",2026-07-27T03:45:11.155105792Z
Failed to find attribute 'app' in 'app'.,error,"{""level"":""error""}","{""project"":""18ae2dc1-0a91-404f-9b9d-da9708df09e8"",""environment"":""2533d774-b502-45f4-8662-21104f0c30ec"",""service"":""8cc9f43f-3b20-493d-b93e-2f55ea2269d8"",""deployment"":""f90b7e66-86c1-455b-8ed3-9335e39456f9"",""replica"":""72c16734-1036-47f7-bddd-543351bfe469""}",2026-07-27T03:45:11.575169694Z
[2026-07-27 03:45:11 +0000] [2] [INFO] Worker exiting (pid: 2),error,"{""level"":""error""}","{""project"":""18ae2dc1-0a91-404f-9b9d-da9708df09e8"",""environment"":""2533d774-b502-45f4-8662-21104f0c30ec"",""service"":""8cc9f43f-3b20-493d-b93e-2f55ea2269d8"",""deployment"":""f90b7e66-86c1-455b-8ed3-9335e39456f9"",""replica"":""72c16734-1036-47f7-bddd-543351bfe469""}",2026-07-27T03:45:11.575179904Z
[2026-07-27 03:45:11 +0000] [1] [ERROR] Worker (pid:2) exited with code 4,error,"{""level"":""error""}","{""project"":""18ae2dc1-0a91-404f-9b9d-da9708df09e8"",""environment"":""2533d774-b502-45f4-8662-21104f0c30ec"",""service"":""8cc9f43f-3b20-493d-b93e-2f55ea2269d8"",""deployment"":""f90b7e66-86c1-455b-8ed3-9335e39456f9"",""replica"":""72c16734-1036-47f7-bddd-543351bfe469""}",2026-07-27T03:45:11.656647002Z
[2026-07-27 03:45:11 +0000] [1] [ERROR] Shutting down: Master,error,"{""level"":""error""}","{""project"":""18ae2dc1-0a91-404f-9b9d-da9708df09e8"",""environment"":""2533d774-b502-45f4-8662-21104f0c30ec"",""service"":""8cc9f43f-3b20-493d-b93e-2f55ea2269d8"",""deployment"":""f90b7e66-86c1-455b-8ed3-9335e39456f9"",""replica"":""72c16734-1036-47f7-bddd-543351bfe469""}",2026-07-27T03:45:11.656652892Z
[2026-07-27 03:45:11 +0000] [1] [ERROR] Reason: App failed to load.,error,"{""level"":""error""}","{""project"":""18ae2dc1-0a91-404f-9b9d-da9708df09e8"",""environment"":""2533d774-b502-45f4-8662-21104f0c30ec"",""service"":""8cc9f43f-3b20-493d-b93e-2f55ea2269d8"",""deployment"":""f90b7e66-86c1-455b-8ed3-9335e39456f9"",""replica"":""72c16734-1036-47f7-bddd-543351bfe469""}",2026-07-27T03:45:11.656656722Z
[2026-07-27 03:45:12 +0000] [1] [INFO] Starting gunicorn 21.2.0,error,"{""level"":""error""}","{""project"":""18ae2dc1-0a91-404f-9b9d-da9708df09e8"",""environment"":""2533d774-b502-45f4-8662-21104f0c30ec"",""service"":""8cc9f43f-3b20-493d-b93e-2f55ea2269d8"",""deployment"":""f90b7e66-86c1-455b-8ed3-9335e39456f9"",""replica"":""72c16734-1036-47f7-bddd-543351bfe469""}",2026-07-27T03:45:12.587459187Z
[2026-07-27 03:45:12 +0000] [1] [INFO] Listening at: http://0.0.0.0:8080 (1),error,"{""level"":""error""}","{""project"":""18ae2dc1-0a91-404f-9b9d-da9708df09e8"",""environment"":""2533d774-b502-45f4-8662-21104f0c30ec"",""service"":""8cc9f43f-3b20-493d-b93e-2f55ea2269d8"",""deployment"":""f90b7e66-86c1-455b-8ed3-9335e39456f9"",""replica"":""72c16734-1036-47f7-bddd-543351bfe469""}",2026-07-27T03:45:12.587468726Z
[2026-07-27 03:45:12 +0000] [1] [INFO] Using worker: sync,error,"{""level"":""error""}","{""project"":""18ae2dc1-0a91-404f-9b9d-da9708df09e8"",""environment"":""2533d774-b502-45f4-8662-21104f0c30ec"",""service"":""8cc9f43f-3b20-493d-b93e-2f55ea2269d8"",""deployment"":""f90b7e66-86c1-455b-8ed3-9335e39456f9"",""replica"":""72c16734-1036-47f7-bddd-543351bfe469""}",2026-07-27T03:45:12.587473516Z
[2026-07-27 03:45:12 +0000] [2] [INFO] Booting worker with pid: 2,error,"{""level"":""error""}","{""project"":""18ae2dc1-0a91-404f-9b9d-da9708df09e8"",""environment"":""2533d774-b502-45f4-8662-21104f0c30ec"",""service"":""8cc9f43f-3b20-493d-b93e-2f55ea2269d8"",""deployment"":""f90b7e66-86c1-455b-8ed3-9335e39456f9"",""replica"":""72c16734-1036-47f7-bddd-543351bfe469""}",2026-07-27T03:45:12.587477516Z
Failed to find attribute 'app' in 'app'.,error,"{""level"":""error""}","{""project"":""18ae2dc1-0a91-404f-9b9d-da9708df09e8"",""environment"":""2533d774-b502-45f4-8662-21104f0c30ec"",""service"":""8cc9f43f-3b20-493d-b93e-2f55ea2269d8"",""deployment"":""f90b7e66-86c1-455b-8ed3-9335e39456f9"",""replica"":""72c16734-1036-47f7-bddd-543351bfe469""}",2026-07-27T03:45:12.963813480Z
[2026-07-27 03:45:12 +0000] [2] [INFO] Worker exiting (pid: 2),error,"{""level"":""error""}","{""project"":""18ae2dc1-0a91-404f-9b9d-da9708df09e8"",""environment"":""2533d774-b502-45f4-8662-21104f0c30ec"",""service"":""8cc9f43f-3b20-493d-b93e-2f55ea2269d8"",""deployment"":""f90b7e66-86c1-455b-8ed3-9335e39456f9"",""replica"":""72c16734-1036-47f7-bddd-543351bfe469""}",2026-07-27T03:45:12.963816950Z
[2026-07-27 03:45:13 +0000] [1] [ERROR] Worker (pid:2) exited with code 4,error,"{""level"":""error""}","{""project"":""18ae2dc1-0a91-404f-9b9d-da9708df09e8"",""environment"":""2533d774-b502-45f4-8662-21104f0c30ec"",""service"":""8cc9f43f-3b20-493d-b93e-2f55ea2269d8"",""deployment"":""f90b7e66-86c1-455b-8ed3-9335e39456f9"",""replica"":""72c16734-1036-47f7-bddd-543351bfe469""}",2026-07-27T03:45:13.151970393Z
[2026-07-27 03:45:13 +0000] [1] [ERROR] Shutting down: Master,error,"{""level"":""error""}","{""project"":""18ae2dc1-0a91-404f-9b9d-da9708df09e8"",""environment"":""2533d774-b502-45f4-8662-21104f0c30ec"",""service"":""8cc9f43f-3b20-493d-b93e-2f55ea2269d8"",""deployment"":""f90b7e66-86c1-455b-8ed3-9335e39456f9"",""replica"":""72c16734-1036-47f7-bddd-543351bfe469""}",2026-07-27T03:45:13.151972913Z
[2026-07-27 03:45:13 +0000] [1] [ERROR] Reason: App failed to load.,error,"{""level"":""error""}","{""project"":""18ae2dc1-0a91-404f-9b9d-da9708df09e8"",""environment"":""2533d774-b502-45f4-8662-21104f0c30ec"",""service"":""8cc9f43f-3b20-493d-b93e-2f55ea2269d8"",""deployment"":""f90b7e66-86c1-455b-8ed3-9335e39456f9"",""replica"":""72c16734-1036-47f7-bddd-543351bfe469""}",2026-07-27T03:45:13.151975383Z